frame_id,track_id,detection_id,center_x,center_y,center_z,velocity_x,velocity_y,speed_m_per_frame,length,width,height,yaw_rad,yaw_deg,score,confidence,age,hits,missed,confirmed
000250,1,1,45.9383030397982,6.246304295751378,0.02499997615814209,0.0,0.0,0.0,3.877491621321334,2.9592115953791867,3.5980000495910645,0.5596522168167269,32.06571001873893,1.0,1.0,1,1,0,False
000250,2,2,63.282559693163144,21.71369559329971,0.8824999630451202,0.0,0.0,0.0,3.0458073662805765,2.0244495275778824,3.2309998869895935,-0.9522544900634918,-54.56016330302047,0.8125,0.8125,1,1,0,False
000250,3,3,39.97008032157373,16.688234747074695,1.022499993443489,0.0,0.0,0.0,3.6833304840751815,1.4430451968259552,1.3630000054836273,-1.0927241790387414,-62.608483630817624,0.8007439080069381,0.8007439080069381,1,1,0,False
000250,4,4,31.901526873347798,14.76841083064073,0.10850000381469727,0.0,0.0,0.0,2.872064987784597,1.7252492322255288,2.6089999675750732,0.925137557190047,53.00647749603252,0.73,0.73,1,1,0,False
000250,5,5,21.902833481218305,10.926761519213157,-0.171999990940094,0.0,0.0,0.0,3.80633554351364,1.0135866134611595,2.4380000829696655,0.3994329751288494,22.885823673237052,0.7655154676086159,0.7655154676086159,1,1,0,False
000250,6,9,25.593179344350464,-35.33834335135782,0.9210000112652779,0.0,0.0,0.0,4.693330515719615,1.985642787784386,1.5620000213384628,0.5785121452692717,33.14630432098844,0.83125,0.83125,1,1,0,False
000250,7,10,28.067876175821883,-37.53286891477216,1.246999979019165,0.0,0.0,0.0,1.9967343381929714,1.034581533692958,1.1519999504089355,-0.40994975706616393,-23.48839089230459,0.5209130601931059,0.5209130601931059,1,1,0,False
000250,8,16,23.02972739428312,-23.106151220936155,0.3670000061392784,0.0,0.0,0.0,2.949536243088124,2.022565680143649,1.2180000096559525,0.6318005760857098,36.199506503645225,0.7786023057455446,0.7786023057455446,1,1,0,False
000250,9,19,42.04494435544753,17.76420633506475,-0.1809999942779541,0.0,0.0,0.0,1.6803632363482834,0.9321671778929556,2.1740000247955322,-1.2779435505567134,-73.22077190286302,0.5117551495980479,0.5117551495980479,1,1,0,False
000250,10,24,43.77562808940445,19.846595541418182,-0.614999994635582,0.0,0.0,0.0,2.115509734533775,0.44237712622741854,0.8819999992847443,-0.8872251171669714,-50.834254691667425,0.5025070408068207,0.5025070408068207,1,1,0,False
000250,11,31,56.04771380459169,21.552026711506162,-1.5904999375343323,0.0,0.0,0.0,2.767083142566615,0.6105864299245314,1.084999918937683,-0.8471105808381548,-48.535861062902015,0.48180257451397246,0.48180257451397246,1,1,0,False
000250,12,34,16.207357393581177,7.19760595439626,-0.8485000096261501,0.0,0.0,0.0,3.3569426868173977,1.8289001219156082,1.5690000131726265,0.21506303399871896,12.322204177405128,0.9605482634000547,0.9605482634000547,1,1,0,False
000250,13,35,15.91686174565787,-23.651857396555,-0.4689999967813492,0.0,0.0,0.0,4.518858882099538,1.2477818738575974,0.535999983549118,1.0372777130212831,59.43163513910172,0.5241210469395455,0.5241210469395455,1,1,0,False
000250,14,43,0.3183247929833753,-11.953028988363565,-1.2475000023841858,0.0,0.0,0.0,1.5594678203371777,0.9826707157672394,1.347000002861023,-1.2444367304790966,-71.30097252751138,0.47815335348771226,0.47815335348771226,1,1,0,False
000251,15,7,21.416704128147263,31.22831027528904,0.013500034809112549,0.0,0.0,0.0,3.163336734074856,1.1827122207119647,2.975000023841858,-1.1407040492249398,-65.35752769407236,0.9855069700785289,0.9855069700785289,1,1,0,False
000251,16,9,1.8755361529582397,5.801270374557925,-0.5920000076293945,0.0,0.0,0.0,3.381474160486186,1.3499534358046137,2.062000036239624,-0.02249630990521306,-1.2889436121870574,0.9568780852079593,0.9568780852079593,1,1,0,False
000251,17,10,3.0086871293632718,13.089847835994457,-0.4385000169277191,0.0,0.0,0.0,6.119213038636767,1.7658851637954567,2.365000069141388,-1.305385288594919,-74.79306767495582,1.0,1.0,1,1,0,False
000251,18,11,1.7362991117694224,-6.090913540777044,-0.4740000218153,0.0,0.0,0.0,3.9794326122489805,2.754668917282271,1.8860000669956207,0.36304362345878227,20.80086740332487,1.0,1.0,1,1,0,False
000251,19,12,3.522104986331632,-16.81549694731194,-0.12300002574920654,0.0,0.0,0.0,1.472656578129272,0.3443310230923451,1.8020000457763672,-0.7110281265014086,-40.73891076362471,0.6764793434847405,0.6764793434847405,1,1,0,False
000251,20,13,3.0465642670789093,-10.607057421333854,-0.3089999854564667,0.0,0.0,0.0,2.398772255092007,0.8988179268021949,1.8039999604225159,0.04003865304722867,2.294045836994816,0.6060755210339287,0.6060755210339287,1,1,0,False
000251,21,14,7.320455790328475,-10.475693500400745,0.2265000119805336,0.0,0.0,0.0,1.2287726397759373,0.6551813032554743,0.8490000218153,-0.012641737875573052,-0.7243182259810153,0.5563917246551064,0.5563917246551064,1,1,0,False
000251,22,15,6.76776766628515,-7.131260466223871,-0.34449997544288635,0.0,0.0,0.0,4.562680324676737,3.787713371436875,1.8809999823570251,1.35203008352708,77.46561756082185,1.0,1.0,1,1,0,False
000251,23,17,11.646478581917219,-8.617098597112875,-0.1614999771118164,0.0,0.0,0.0,0.9028969373457272,0.4564389909174544,1.7369999885559082,0.4860087197550083,27.846248448518374,0.49318079769559736,0.49318079769559736,1,1,0,False
000251,24,18,4.4190379361136625,-2.690605538947848,-0.52149997651577,0.0,0.0,0.0,2.551133587855516,0.861952934270874,1.770999938249588,-0.3094230278613218,-17.728633580612623,0.8649058809337746,0.8649058809337746,1,1,0,False
000251,25,19,28.07151838058675,-18.512852347697045,0.5344999879598618,0.0,0.0,0.0,2.8549882887274585,0.2859300699731169,1.6289999783039093,-1.3047438576547747,-74.75631638923645,0.5446632777865335,0.5446632777865335,1,1,0,False
000251,26,20,10.521851742726264,-5.862607700265816,0.2604999989271164,0.0,0.0,0.0,1.0138025001603745,0.4885557204524599,0.738999992609024,0.7515250643672168,43.059214386539054,0.5436004327561089,0.5436004327561089,1,1,0,False
000251,27,22,25.08169922086427,-2.9190532361609027,0.5424999874085188,0.0,0.0,0.0,1.7393829650921981,0.7996433077488536,1.066999975591898,-1.016529882892813,-58.242872038686016,0.4722345878698648,0.4722345878698648,1,1,0,False
000251,28,23,5.617117259602426,-19.5315119344647,-0.1835000216960907,0.0,0.0,0.0,2.7811003128597074,0.5917800892077776,1.671000063419342,-0.6797097878550479,-38.94450213782678,0.7258355259256234,0.7258355259256234,1,1,0,False
000251,29,26,23.82272888726483,-15.48907011570791,0.30150002241134644,0.0,0.0,0.0,1.6538242195308515,0.5258627821274837,1.715000033378601,-1.0463705059610944,-59.952613798539254,0.4911084854500377,0.4911084854500377,1,1,0,False
000251,30,28,28.030878049888383,16.262211236131936,0.03399999439716339,0.0,0.0,0.0,1.753805140294785,0.8019679251228421,1.0099999606609344,-1.1259414035133295,-64.51169040035018,0.4861760061466014,0.4861760061466014,1,1,0,False
000251,31,31,22.269548624390122,19.983231696155126,-0.40949997305870056,0.0,0.0,0.0,3.2786907826567315,0.39130426443727767,1.8269999623298645,-1.1944167951932727,-68.43504134411616,0.6253163043035128,0.6253163043035128,1,1,0,False
000251,32,32,13.954567029449747,18.013866836676186,-0.6520000100135803,0.0,0.0,0.0,1.7297701897783124,0.5108575051376719,1.6460000276565552,-1.1140189662024644,-63.82858506092831,0.6592419066343994,0.6592419066343994,1,1,0,False
000251,33,36,18.51282081041903,28.656815583108056,-0.9939999878406525,0.0,0.0,0.0,1.8589654479918107,1.1741855626702589,0.9760000109672546,1.234658466490734,70.74071927001344,0.5017563987516833,0.5017563987516833,1,1,0,False
000251,34,37,9.174542665076418,-4.113476291406523,-0.6145000120159239,0.0,0.0,0.0,0.6495376943358332,0.32301006413394673,1.221000023651868,0.8590399311170454,49.21936248621566,0.49301957685310893,0.49301957685310893,1,1,0,False
000251,35,40,8.737503258931033,9.503597593690493,-0.902999997138977,0.0,0.0,0.0,0.8173128613187977,0.4823141340240905,1.0759999752044678,-1.2594787625135055,-72.16281747838359,0.5295693475429042,0.5295693475429042,1,1,0,False
000251,36,42,6.902218400734889,2.5074169666947,-0.8099999949336052,0.0,0.0,0.0,0.7318891780224546,0.41973989503632725,1.1959999948740005,0.5164679983548548,29.591436559302725,0.4798735815031979,0.4798735815031979,1,1,0,False
000251,37,43,1.7142876639795555,2.867901844645206,-0.7855000076815486,0.0,0.0,0.0,1.7255660826099364,0.8211055942948986,1.547000015154481,1.4028232778240268,80.37585322202487,0.8365316824900558,0.8365316824900558,1,1,0,False
000251,38,44,1.135565829120477,8.510770315935243,-0.9614999741315842,0.0,0.0,0.0,0.8300293275363844,0.3203214244734328,1.304999977350235,1.149260149493294,65.8477561285398,0.4495328067396209,0.4495328067396209,1,1,0,False
000251,39,46,1.4769511446160468,10.841355051857443,-1.065999984741211,0.0,0.0,0.0,1.409862200852345,0.4355917094414208,1.1059999465942383,-1.3779808320045575,-78.95248592378685,0.46632035712799713,0.46632035712799713,1,1,0,False
000252,5,28,20.491419754101866,9.065776156822247,-0.5769999846816063,-0.4939948044907538,-0.6513448768368183,0.8174845658759731,1.931861105451311,0.8194035567614388,1.2119999676942825,-1.1911732133846369,-68.24919779597592,0.6744760711393946,0.6697904284557579,3,2,0,False
000252,4,4,31.477614958218588,12.151915602214412,0.02349996566772461,-0.14836917029522353,-0.9157733299492113,0.9277145048668584,2.781283898093152,0.566812027800071,2.6549999713897705,-1.1715002822247882,-67.12202186986518,0.8210085828511223,0.728403433140449,3,2,0,False
000252,40,1,39.774606996166085,6.300123636155804,0.375499963760376,0.0,0.0,0.0,3.7544391372965054,2.4142461426332837,2.4609999656677246,-1.1148958514826672,-63.878826886601075,1.0,1.0,1,1,0,False
000252,41,2,39.90960365786818,9.066310699274629,0.6180000156164169,0.0,0.0,0.0,4.2111245776871336,1.5448199973580616,1.9900000393390656,-0.7562435113827084,-43.32956148638282,0.9624999999999999,0.9624999999999999,1,1,0,False
000252,42,5,18.459130391719782,12.94258784297213,0.0925000011920929,0.0,0.0,0.0,4.697520556071023,0.8536396865505782,1.7609999775886536,-1.1411126283681179,-65.38093755457353,0.9176932042698777,0.9176932042698777,1,1,0,False
000252,43,6,6.52012270543456,13.346129909007312,0.05449998378753662,0.0,0.0,0.0,1.9989688499448384,0.40668794959858784,1.3289999961853027,-1.1731190693133797,-67.21477153797174,0.5592569873734492,0.5592569873734492,1,1,0,False
000252,44,8,15.727069976437178,-9.778919450263125,0.10899999737739563,0.0,0.0,0.0,1.4843036771861862,0.31613847467535616,1.4740000367164612,0.2968347115028615,17.007376182097353,0.5790277980818008,0.5790277980818008,1,1,0,False
000252,45,10,50.226625676168496,-7.058803963367391,1.164499968290329,0.0,0.0,0.0,4.780620220305474,1.6919173942716883,1.5869999527931213,0.728758650090444,41.754794933833594,0.73,0.73,1,1,0,False
000252,46,11,54.221764011408936,-4.851568371682758,1.2119999527931213,0.0,0.0,0.0,1.5852316768335628,1.1611885862890219,1.6639999151229858,-1.267783682309525,-72.63865433189015,0.5135502119814653,0.5135502119814653,1,1,0,False
000252,47,12,52.02071490482228,-2.6629368732959375,1.6869999766349792,0.0,0.0,0.0,2.8545906239585577,1.1716352296431318,0.6060000658035278,1.2024287930205588,68.89409500508764,0.5075298469745531,0.5075298469745531,1,1,0,False
000252,48,14,35.41046261790018,10.439864010334421,-0.08050000667572021,0.0,0.0,0.0,2.673940001070449,2.150886142753637,2.246999979019165,1.3470130529109023,77.17816288082696,0.9849999999999999,0.9849999999999999,1,1,0,False
000252,49,17,67.23922302445484,1.4854061777468317,0.45899999141693115,0.0,0.0,0.0,3.0101832882800563,1.5292596730855492,1.5759999752044678,1.1581030759230568,66.3544184915099,0.677164708302752,0.677164708302752,1,1,0,False
000252,50,18,42.66148095805695,13.578655079886351,0.07549998164176941,0.0,0.0,0.0,1.3337238874729986,0.7035520887131239,1.6309999823570251,0.8314810684251619,47.64035596579019,0.49550732362254507,0.49550732362254507,1,1,0,False
000252,51,19,25.59199861873386,12.487802712811096,-0.29350000619888306,0.0,0.0,0.0,2.8865183044728955,0.5655012548544521,2.5670000314712524,-1.1111297589449414,-63.66304567893367,0.8698365075197442,0.8698365075197442,1,1,0,False
000252,52,20,49.691826284750086,-4.806014778689586,-0.06299999356269836,0.0,0.0,0.0,3.5686848243781943,1.2334561571476677,2.071999967098236,-1.3939378135157694,-79.86675361814758,0.813259386094624,0.813259386094624,1,1,0,False
000252,53,21,57.96604468903217,-3.1472604070447647,0.46700000762939453,0.0,0.0,0.0,1.9913888387833387,1.3040570246173753,2.1480000019073486,-0.7695251676909819,-44.0905443377902,0.5442184689043226,0.5442184689043226,1,1,0,False
000252,54,24,37.785929799606876,-4.35374385857959,0.02649998664855957,0.0,0.0,0.0,1.8779301075230777,1.35484153696233,2.0889999866485596,1.1770276710609973,67.43871792190768,0.5698339648145362,0.5698339648145362,1,1,0,False
000252,55,25,69.40388442962457,-1.2904232815401642,0.041999995708465576,0.0,0.0,0.0,2.017356731069194,0.7435435562128482,0.7699999809265137,1.2660437900430854,72.53896584821571,0.4667499045304355,0.4667499045304355,1,1,0,False
000252,56,30,32.73750164010208,7.86608644625508,-0.8819999843835831,0.0,0.0,0.0,3.902818298005234,0.8846408990296775,1.229999989271164,-1.1865186097880496,-67.98250865458505,0.7845281494845132,0.7845281494845132,1,1,0,False
000252,57,31,37.62885493271414,6.18255945370155,-1.0405000150203705,0.0,0.0,0.0,1.9419613412863599,0.5478047727473568,0.925000011920929,-0.22817681601828232,-13.073568540580656,0.4789004921180939,0.4789004921180939,1,1,0,False
000252,58,33,10.328551693495577,3.423850208038391,-0.8914999812841415,0.0,0.0,0.0,3.5807844501614,1.5370876955081914,1.148999959230423,-0.11820627633483387,-6.772720745943122,0.905401207871469,0.905401207871469,1,1,0,False
000253,38,12,0.689623765893519,9.294524682489532,-0.6195000112056732,-0.1560797221294353,0.2743140282940012,0.3156090394441893,1.1134146844306292,0.8906563085145651,2.303000032901764,0.1269873866374958,7.275841305724496,0.8380635935205298,0.7352254374082119,3,2,0,False
000253,48,2,35.57886151217574,8.77125280177098,0.24700000882148743,0.05893961299644665,-0.5840139229972041,0.5869805279860271,0.5611588903511433,0.4670187262638411,2.4160000681877136,-1.1105546059237437,-63.630091838244844,0.5068027544953589,0.8027211017981436,2,2,0,False
000253,12,6,15.68116219524092,8.93883311250063,-0.4154999852180481,-0.1841683194190895,0.6094295053365294,0.6366492691053518,0.733555005234003,0.6244551232724169,2.4950000047683716,1.5528650400724615,88.9726129495655,0.6390481682388234,0.5556192672955294,4,2,0,False
000253,18,13,0.3081041400528486,-4.475675927155734,-0.41999998688697815,-0.49986824010080083,0.5653331647674584,0.754632257889538,0.614502747180487,0.2843678542170985,1.5619999766349792,0.018989601098993874,1.0880239976093387,0.47829919027782086,0.5913196761111283,3,2,0,False
000253,30,5,30.076974691360842,15.237005128126281,-0.16949999332427979,0.7161338245153608,-0.3588221378019792,0.8009999882595381,1.52795359649718,1.5807797974671312,3.0810000896453857,-0.8907402926160901,-51.03565940914993,0.8527786459879547,0.7411114583951819,3,2,0,False
000253,5,49,20.523317591052255,6.08649018279589,-0.9305000007152557,-0.3099323799863539,-1.466124260853157,1.4985254180113936,4.45607130814726,1.9243499780435447,1.1550000309944153,-0.21130889672625172,-12.107107955980002,0.9650695383665173,0.836027815346607,4,3,0,True
000253,35,11,6.040378704678122,9.816396047697898,-0.5764999985694885,-0.943993593988519,0.10947945890259171,0.950320818151936,0.5187936482489702,0.28530781424371765,2.347000002861023,1.2427585662447984,71.20482079955629,0.47203988791779633,0.5888159551671185,3,2,0,False
000253,19,52,3.5097312477196843,-14.082683383321772,-0.5630000084638596,-0.004330808514181727,0.9564847473965583,0.9564945519471841,5.2994704571598845,1.4195205938049582,0.42600002884864807,0.025029093382236956,1.4340614158409966,0.725911226513415,0.690364490605366,3,2,0,False
000253,51,4,25.31771642752272,9.639283334204418,-0.16500002145767212,-0.09599876692389983,-0.9969817825123373,1.001592950211006,1.5414982526866772,1.3911718786064733,2.6239999532699585,-0.08259191608092016,-4.7321682133354,0.6537856514737004,0.8615142605894801,2,2,0,False
000253,11,47,54.19152427201754,19.34005174746865,-0.9719999954104424,-0.6496663364009521,-0.7741912374131293,1.0106623673313988,5.435594137578317,0.35299563985108484,1.4839999824762344,-0.03531707185236138,-2.0235191619005835,0.6074568609289215,0.5429827443715686,4,2,0,False
000253,59,0,50.40641940080846,9.044308146531142,0.406000018119812,0.0,0.0,0.0,0.9402320449045377,0.4438431243468779,3.078000068664551,-1.463300226683314,-83.84092714949054,0.5701582870856018,0.5701582870856018,1,1,0,False
000253,60,1,45.31602472302786,9.628470021276112,0.6800000220537186,0.0,0.0,0.0,2.1755770788719446,1.7313839350126963,2.2440000474452972,1.279137799263378,73.28919731344385,0.708376797198487,0.708376797198487,1,1,0,False
000253,61,3,50.58043270426016,16.46013692024966,0.5639999806880951,0.0,0.0,0.0,2.8924325466301957,1.260818920435137,2.925999939441681,-1.3179415302352024,-75.51248732749048,0.775343918823174,0.775343918823174,1,1,0,False
000253,62,10,18.60344145519247,20.00919834852107,0.48900001496076584,0.0,0.0,0.0,2.525540118979708,1.1867049366789635,1.3240000158548355,0.013486337094431313,0.7727101966016398,0.5586353659138605,0.5586353659138605,1,1,0,False
000253,63,16,54.487573688102145,-26.360008082165077,1.3374999463558197,0.0,0.0,0.0,5.335123053725271,1.7226672332318766,1.8869999051094055,1.351550265886064,77.43812603505572,0.97,0.97,1,1,0,False
000253,64,21,55.90797767626396,9.162645611339839,0.42699992656707764,0.0,0.0,0.0,1.3833371672561858,0.5523963283961391,3.3919999599456787,1.2798173088402034,73.32813034433468,0.5169499671940776,0.5169499671940776,1,1,0,False
000253,65,24,19.005080979820963,-25.332123572693916,0.6309999730437994,0.0,0.0,0.0,1.4914040227299545,1.2233752107321565,1.3479999490082264,-0.8327748160016483,-47.71448224167814,0.5672414812140649,0.5672414812140649,1,1,0,False
000253,66,29,54.323962395902406,-22.23746234295496,0.6124999709427357,0.0,0.0,0.0,2.995591977097845,1.2853680883002596,0.996999941766262,1.152282635316151,66.02093180982763,0.5789814465617606,0.5789814465617606,1,1,0,False
000253,67,30,58.26286170939698,-21.436752972631524,0.6385000161826611,0.0,0.0,0.0,3.769497413799927,0.6983009911607618,1.0610000267624855,0.056858089448203954,3.2577285565594063,0.5165468453545684,0.5165468453545684,1,1,0,False
000253,68,33,47.449876411423894,-23.148683776924415,0.2370000183582306,0.0,0.0,0.0,4.294542587738331,0.5693710008207402,1.5640000700950623,-1.4247198034581443,-81.63043172685981,0.601237903683121,0.601237903683121,1,1,0,False
000253,69,38,32.67688056112884,22.133282907552132,0.11150000616908073,0.0,0.0,0.0,6.273805238121401,3.600721820824425,0.45100001245737076,-0.5629897970425118,-32.25693927946273,0.8235532141343864,0.8235532141343864,1,1,0,False
000253,70,39,22.639213019927997,0.5697803297209879,-0.5739999869838357,0.0,0.0,0.0,1.575341148825828,1.572318765952432,1.2079999726265669,-1.4425336667664548,-82.65109091124896,0.6848690263516233,0.6848690263516233,1,1,0,False
000253,71,42,36.332952426200606,19.49537026488197,-0.9865000061690807,0.0,0.0,0.0,2.997684246876994,0.4030836582872227,1.747000016272068,0.02411061592670047,1.381436534060841,0.6214321791525164,0.6214321791525164,1,1,0,False
000253,72,51,11.119225057349608,-14.12703531487086,-0.5884999930858612,0.0,0.0,0.0,7.713944328104315,1.1229925556837856,0.3269999623298645,-0.013724978589405376,-0.7863833470803461,0.7122117207632881,0.7122117207632881,1,1,0,False
000254,19,35,3.6258361702119073,-12.492437713740028,-0.3485000282526016,0.03782169733805994,1.1783010701613734,1.1789079237722382,3.9772876349848287,1.6851272017340237,1.4890000522136688,1.3400792159043822,76.78088328452172,0.9663271522131187,0.8365308608852475,4,3,0,True
000254,60,0,45.993582637650725,10.515928483614081,0.6790000200271606,0.23714527011800327,0.3106104618182892,0.3907898900052452,2.3017684247453416,0.9751381407546953,2.302000045776367,-0.021821067692539553,-1.2502550832517902,0.6086156034344263,0.8434462413737706,2,2,0,False
000254,27,53,23.911912939371852,-2.6696769852944766,-0.857499971985817,-0.409425198522346,0.08728168780324913,0.4186252336050065,2.7098187721832447,1.6150893714739865,0.8389999568462372,-1.0245960547484738,-58.70502964284258,0.5424494464932953,0.5169797785973181,4,2,0,False
000254,16,65,0.7350867491250189,5.0548934828288665,-0.9484999924898148,-0.3991572913416273,-0.2612319121051704,0.4770415654147007,1.955385165040713,1.5874404605850598,1.0149999558925629,-0.7735995309121058,-44.32398815456393,0.8375103042167766,0.6350041216867106,4,2,0,False
000254,34,56,10.553256221442656,-3.786708852625851,-0.7255000099539757,0.4825497447281832,0.11436860357323521,0.4959177690106764,1.545708143061904,0.7496723007564833,1.147000029683113,1.180989207128922,67.66569721898863,0.6121519079591609,0.5448607631836644,4,2,0,False
000254,41,34,40.26356664704169,10.658324684806272,0.2370000034570694,0.1238870462107286,0.5572048949360752,0.5708110853509607,2.769142775593705,0.33812063443961743,1.2460000216960907,-0.02208684844062742,-1.2654831983930548,0.48944391988729374,0.5957775679549175,3,2,0,False
000254,5,55,20.640786677471997,6.214576574936037,-0.9805000126361847,-0.16034186674422027,-0.9081505323055008,0.9221967813638181,2.4334455553231646,0.9992695168444377,0.953000009059906,0.39820859996718255,22.815672143932893,0.5311229932006993,0.6924491972802798,5,4,0,True
000254,18,9,1.5395122742493705,-3.8856522351551868,-0.49400003254413605,0.1060784909032621,0.5739748492990396,0.5836949321864707,4.588598984101056,3.0572076905439123,1.6980000436306,-1.152218484337177,-66.0172562294808,1.0,0.85,4,3,0,True
000254,14,40,0.4737775300905104,-13.747254968205038,-0.39400002360343933,0.05440845798749728,-0.6279790929445155,0.6303316757676023,1.2801854860280288,1.0059472884078355,1.2900000214576721,0.8249411116775545,47.26564404595418,0.5801876815046255,0.4720750726018502,5,2,0,False
000254,48,2,35.20152781346976,10.704722366104603,0.3530000150203705,-0.0937560460994034,0.29710529756858506,0.3115473543837452,1.6539259289046746,0.6047728612531387,2.240000069141388,-0.16602919809524394,-9.512772326798965,0.5823426497620895,0.8329370599048358,3,3,0,True
000254,26,57,12.09878762258435,-3.661521343667688,-0.7625000104308128,0.55192755795033,0.7703802248093446,0.9476865093491156,1.4670653786090468,0.5518815273622844,1.1290000230073929,1.487314869943931,85.21686485483617,0.5377348445146395,0.5150939378058558,4,2,0,False
000254,44,36,13.425541811726118,-11.439869240047923,-0.1550000011920929,-0.805534857648871,-0.5813324264246793,0.9933950860056597,4.411784432149492,2.2504897913555286,1.9100000262260437,1.2954162152150355,74.22188184463226,1.0,0.8,3,2,0,False
000254,20,63,3.7484074326802292,-7.840239534193329,-0.8374999910593033,0.245645107960462,0.9683862604991837,0.9990562889990233,2.0063146897245456,1.5640545076557455,0.8289999663829803,0.19807603453435024,11.34892080150581,0.8433564983732487,0.6373425993492995,4,2,0,False
000254,58,59,12.124826640753113,5.647503136089955,-0.9749999791383743,0.6286962315401379,0.7782785248180474,1.0004880877580336,7.757156041950352,1.7764448748937287,1.1599999368190765,-0.040899658549969325,-2.3433778184393947,1.0,0.8,3,2,0,False
000254,70,42,22.334163349545957,3.4637690727182244,-0.6380000114440918,-0.10676738463371399,1.0128960600490327,1.018507586071099,4.482019539927317,2.0206983467712885,1.6180000305175781,-0.05733391859227011,-3.2849915582837195,1.0,1.0,2,2,0,False
000254,73,1,37.7264420458438,10.279203890810596,0.3675000071525574,0.0,0.0,0.0,2.0276364086524605,1.372384057775235,2.337000012397766,-0.37447859527636684,-21.456043027323506,0.6758860051866484,0.6758860051866484,1,1,0,False
000254,74,4,14.66727083494366,13.853787604477304,-0.30150002241134644,0.0,0.0,0.0,0.916714128078753,0.707248240614279,2.402999997138977,-0.8006229542911817,-45.872316262180135,0.634716195360994,0.634716195360994,1,1,0,False
000254,75,7,0.6139334567641329,-8.645584756881773,-0.3580000102519989,0.0,0.0,0.0,3.5983448031303467,1.3362550526973664,1.8060000538825989,1.5334218685760683,87.8586012824731,0.9447300276964277,0.9447300276964277,1,1,0,False
000254,76,11,22.12282448129718,-11.523667108428931,0.000500023365020752,0.0,0.0,0.0,1.8532826863602276,0.4778020902087093,2.1169999837875366,1.5054156334466717,86.25396220950766,0.6287434740359312,0.6287434740359312,1,1,0,False
000254,77,13,22.580636754380905,-8.249461755079974,-0.03049999475479126,0.0,0.0,0.0,3.114021402785747,0.49095939102257047,2.1790000200271606,0.01620186094434893,0.9282982523690361,0.855523028748846,0.855523028748846,1,1,0,False
000254,78,15,26.866755940422856,-8.198248318473784,0.018500030040740967,0.0,0.0,0.0,4.106295024963574,0.8553935324208086,2.3109999895095825,-0.2952573136656531,-16.916997943412248,0.8677897219754248,0.8677897219754248,1,1,0,False
000254,79,17,36.96425357553196,-9.100549468774755,0.25550001859664917,0.0,0.0,0.0,3.7583351754403536,1.345403611065704,2.5770000219345093,0.39019319794708035,22.3564234370804,0.8574999999999999,0.8574999999999999,1,1,0,False
000254,80,19,63.03369896440925,-6.789766517690106,1.2365000396966934,0.0,0.0,0.0,6.2921420008898234,0.946472515690783,2.2550000846385956,-1.5499960672363022,-88.8082329145159,0.9437499999999999,0.9437499999999999,1,1,0,False
000254,81,21,45.438098369150474,-1.45412298340921,0.958500012755394,0.0,0.0,0.0,2.452188024078574,2.0755006629608577,1.645000010728836,1.4307416163998237,81.9754561934353,0.6845376158371299,0.6845376158371299,1,1,0,False
000254,82,26,15.848345763090366,-3.8934469378647223,-0.26250001788139343,0.0,0.0,0.0,0.8658681389572959,0.38805328276982226,2.053000032901764,0.5413054574211718,31.01451813763163,0.5602469019366859,0.5602469019366859,1,1,0,False
000254,83,41,59.746134153565976,-7.17698439527279,-0.12099999189376831,0.0,0.0,0.0,4.678305647835634,0.33086799016133883,1.0360000133514404,1.566809618163624,89.7715784212797,0.5942271010810114,0.5942271010810114,1,1,0,False
000254,84,51,33.948871203336445,-2.620801694346547,-0.7834999859333038,0.0,0.0,0.0,3.1776438539073277,0.8391502848625005,1.0289999842643738,1.5069251336164677,86.34045019841125,0.5719808300808212,0.5719808300808212,1,1,0,False
000254,85,52,20.578159161048,-3.3240575715426077,-0.8324999809265137,0.0,0.0,0.0,5.521917239968502,3.5105691583521788,0.9249999523162842,-0.013201048765382936,-0.7563643794028283,1.0,1.0,1,1,0,False
000254,86,54,15.133278260361292,3.328448808492682,-0.9090000241994858,0.0,0.0,0.0,3.936474019056593,1.74487398236423,1.1580000221729279,-0.05646534306417218,-3.2352258463353616,0.9325649687317207,0.9325649687317207,1,1,0,False
000254,87,64,4.207239858926146,5.374519939479184,-0.9885000139474869,0.0,0.0,0.0,3.4253125468418486,1.7516477619330473,1.1470000445842743,-0.08108979239850266,-4.646102866026227,0.9146988776569908,0.9146988776569908,1,1,0,False
000255,30,5,30.785327150494727,14.248086764530534,0.041499972343444824,0.713410346631844,-0.579355816829798,0.9190252908249533,2.9162000029220083,2.0029618277578605,2.6389999389648438,-0.32424277558628944,-18.577742578701873,0.83125,0.6925,5,3,0,True
000255,77,94,21.783884007620674,-7.739211424704176,-0.9659999907016754,-0.27886346136608053,0.17858761563152925,0.3311470467058801,3.781753366252397,3.2380157119829054,0.9039999842643738,0.3446018756861614,19.74423308910891,0.7932470075246493,0.9172988030098597,2,2,0,False
000255,22,22,7.559526349078339,-6.563909802296843,-0.4724999666213989,0.2771155389776161,0.19857273237445988,0.3409166349498269,0.9027198937405398,0.8527301448561371,2.0329999923706055,0.5191709263596809,29.746302926306974,0.589832592483412,0.4759330369933648,5,2,0,False
000255,59,0,49.1956582593714,8.821908721962293,0.3985000252723694,-0.4237663995029713,-0.07783979859909707,0.4308561193642953,2.1163258177181437,0.7668559636929112,3.0089999437332153,1.154834408107343,66.16713762103925,0.6188892897609481,0.6475557159043792,3,2,0,False
000255,76,24,20.96042352719213,-11.930893503616577,-0.13999998569488525,-0.40684033393676716,-0.14252923831567602,0.43108426217228923,1.2569127104401505,0.92772810997713,2.3459999561309814,1.406468359126674,80.58470099664859,0.5155934633500034,0.8062373853400013,2,2,0,False
000255,28,59,5.948403181696921,-20.727661301391926,-0.3709999620914459,0.11595007273307333,-0.41865227842452923,0.43441241878755554,4.3669954765509935,2.459860376214394,2.209999978542328,-0.8915336780901959,-51.081117048343174,0.8987499999999999,0.5994999999999999,5,2,0,False
000255,85,99,20.15321214566413,-4.625054658012257,-1.1379999816417694,-0.14873145538435376,-0.4553489802643771,0.47902373599703396,0.9271001823073426,0.5658468403750534,0.6259999871253967,1.0571937180437179,60.57273817164858,0.4679732922166414,0.7871893168866566,2,2,0,False
000255,18,108,0.7805076866164337,-4.619601092763593,-1.5190000236034393,-0.19670058658440753,0.11620155188143372,0.2284598901827267,1.4186254150124362,1.5503773632227644,1.2179999947547913,-0.8801791303403685,-50.430549383998304,0.49589791583338166,0.6783591663333527,5,4,0,True
000255,51,4,23.633268628573145,8.584425267625129,-0.0009999871253967285,-0.6519559281328856,-1.0172384819357705,1.2082303842225635,1.5194197296819993,1.218728398999103,2.143999934196472,1.0414760847443367,59.67218411965976,0.6224195543935118,0.6989678217574047,4,3,0,True
000255,78,50,24.954257938388892,-8.29494313080138,-0.15299999713897705,-0.6693743007118872,-0.0338431843146588,0.6702293007457104,2.552673345657958,0.993407542777485,2.509999990463257,-1.5172850998201113,-86.9340325377782,0.621082846915561,0.8484331387662244,2,2,0,False
000255,62,78,16.674036992468984,19.701720560714747,-0.5895000174641609,-0.67529156195322,-0.1076172257322133,0.6838129575545624,2.817549751811704,1.1642499583639063,1.5110000222921371,-0.4763316842628191,-27.291795156617628,0.545109699982862,0.6180438799931447,3,2,0,False
000255,25,42,29.776536826157546,-17.347221960751725,0.11500000953674316,0.5967564559497789,0.4079706354308621,0.7228819454735342,2.3336181072326516,1.1467600230696917,2.490000009536743,0.6640012305342899,38.04446810110802,0.5735581485365222,0.4694232594146089,5,2,0,False
000255,73,2,38.34633602047874,12.34779325209772,0.9560000151395798,0.21696289112222933,0.7240062764504933,0.7558161049248848,1.8178590970227806,0.8867945290007792,1.248000055551529,-0.9656297405533528,-55.326508706019794,0.4960310055286161,0.7984124022114465,2,2,0,False
000255,31,55,22.48333321387687,22.51756975917731,-0.20750001072883606,0.07482460632036111,0.887018322057764,0.8901686499631225,2.1591902114944515,1.7949804407476135,2.341000020503998,-1.5280199381510038,-87.5490934678936,0.8537170600963787,0.5814868240385516,5,2,0,False
000255,88,1,29.384021969980317,8.494259944166066,-0.3709999918937683,0.0,0.0,0.0,4.309137344713745,2.2344332359750014,3.163999915122986,-0.8753275511088092,-50.152574370056634,0.9737499999999999,0.9737499999999999,1,1,0,False
000255,89,6,22.742832860618794,13.154069343877659,0.27800002694129944,0.0,0.0,0.0,2.407450365877882,1.8957272108577476,1.7320000529289246,1.0922570258104822,62.58171772245246,0.710493693991167,0.710493693991167,1,1,0,False
000255,90,8,28.131837789897254,22.403275188232737,0.05849999189376831,0.0,0.0,0.0,2.314939025113219,1.4444859800153083,2.8109999895095825,0.5016555944949983,28.742748333689658,0.6754115722896157,0.6754115722896157,1,1,0,False
000255,91,9,29.571917790762623,26.773757978027405,0.12449997663497925,0.0,0.0,0.0,4.449291404395883,2.8450787566402473,2.912999987602234,0.43667226266623566,25.01947768120341,1.0,1.0,1,1,0,False
000255,92,14,5.240012509382785,22.364303668442084,-0.19750002026557922,0.0,0.0,0.0,2.209185783965911,0.617417809820175,2.3670000433921814,-1.2407742376799002,-71.09112714762037,0.5913094320588039,0.5913094320588039,1,1,0,False
000255,93,15,4.956270951864894,26.204527215285367,-0.171999990940094,0.0,0.0,0.0,1.9368680874684325,0.8638993764182527,2.6179999113082886,0.8136075970433612,46.616281490365154,0.6630098710284505,0.6630098710284505,1,1,0,False
000255,94,17,0.5025648720841034,19.96552857583345,-0.8175000548362732,0.0,0.0,0.0,3.051627593798071,1.1211365749925246,3.421000123023987,-1.3779119762892615,-78.94854078190505,0.8338206331306426,0.8338206331306426,1,1,0,False
000255,95,19,3.445538443611484,-28.780138153405517,0.6924999877810478,0.0,0.0,0.0,1.6598133656729566,1.9386647358190485,1.0629999786615372,0.6058882456866124,34.7148393344284,0.5120090722455402,0.5120090722455402,1,1,0,False
000255,96,21,17.313585939107593,-19.275953085737036,-0.15299999713897705,0.0,0.0,0.0,2.60644963718489,1.788940722601656,2.5220000743865967,-0.6425651859982561,-36.81627321973881,0.8272423556002779,0.8272423556002779,1,1,0,False
000255,97,23,17.53182268109979,-10.729099705196834,-0.2294999659061432,0.0,0.0,0.0,2.120478346364128,2.051774002403592,2.2889999747276306,1.1378864233301313,65.19608962205307,0.7559808185807277,0.7559808185807277,1,1,0,False
000255,98,25,27.129637871136,-14.244187455893313,-0.04250001907348633,0.0,0.0,0.0,1.6324026528952698,0.5774029553431587,2.6089999675750732,0.6569079084187209,37.63805068115911,0.5747353943053517,0.5747353943053517,1,1,0,False
000255,99,26,17.690685934625094,-8.34302369173373,-0.1915000081062317,0.0,0.0,0.0,0.7182549867614498,0.5999388009170885,2.1230000257492065,-1.1995539200628806,-68.72937691797638,0.5339969982247352,0.5339969982247352,1,1,0,False
000255,100,27,23.226411283263307,-10.085990609888507,-0.156000018119812,0.0,0.0,0.0,3.0862078100479327,0.894163533592394,2.490000009536743,-0.030838712720586973,-1.7669280845060382,0.7907723413931881,0.7907723413931881,1,1,0,False
000255,101,29,35.35798920289875,-13.97953275409762,0.11900001764297485,0.0,0.0,0.0,0.7355688824156967,0.35769412922922034,2.7519999742507935,1.2637558856702646,72.40787858372356,0.5083179175916226,0.5083179175916226,1,1,0,False
000255,102,31,35.40951703582805,-11.92297857196805,0.14850002527236938,0.0,0.0,0.0,2.131518265766197,1.9690108477103594,2.708999991416931,0.20847793550351224,11.944905825951833,0.8057437632201134,0.8057437632201134,1,1,0,False
000255,103,33,42.15124358657013,-7.105852064021883,1.1659999787807465,0.0,0.0,0.0,2.498601847867656,2.4874888162752335,1.0539999604225159,-1.2895762814068843,-73.88727828478945,0.6166811181861341,0.6166811181861341,1,1,0,False
000255,104,43,42.42265112886001,-9.52902393231221,0.24650001525878906,0.0,0.0,0.0,2.0600964679238594,1.5053774283697448,2.8889999389648438,-1.5191494603292819,-87.04085252644454,0.6718238709614217,0.6718238709614217,1,1,0,False
000255,105,45,17.37611840356849,-12.88383114857627,-0.2135000228881836,0.0,0.0,0.0,1.2117313092480568,0.9781022673128514,2.325000047683716,0.22109706979503413,12.667928961964849,0.5196763901537029,0.5196763901537029,1,1,0,False
000255,106,46,22.980300864263988,-12.495878221090003,-0.17400002479553223,0.0,0.0,0.0,1.5111423084473157,1.1832753485600125,2.5160000324249268,-1.4182985516226458,-81.26252109749512,0.5412308870237734,0.5412308870237734,1,1,0,False
000255,107,48,28.2229137733075,-10.340813356187521,-0.04649996757507324,0.0,0.0,0.0,1.6752331558603009,0.7115455205025971,2.493000030517578,0.049155227174674736,2.816387058115636,0.5307777937244451,0.5307777937244451,1,1,0,False
000255,108,49,31.446641904769887,-11.943185768148426,0.03349998593330383,0.0,0.0,0.0,2.8629917023818523,2.061186977056909,1.8690000176429749,-0.04714163487451625,-2.7010167176565156,0.7025711735006052,0.7025711735006052,1,1,0,False
000255,109,53,31.703070741720833,16.271570218923724,0.01699995994567871,0.0,0.0,0.0,2.752750289562387,1.5985263573817488,2.7860000133514404,1.5209046126808983,87.14141534859462,0.7562499999999999,0.7562499999999999,1,1,0,False
000255,110,58,4.535432905975429,-26.00135669090944,-0.14899998903274536,0.0,0.0,0.0,1.3513483114467812,0.7099435059204207,2.52400004863739,0.2035125312498078,11.660409118638265,0.49160795974204935,0.49160795974204935,1,1,0,False
000255,111,60,14.843404104397663,-17.715814729833752,-0.2084999978542328,0.0,0.0,0.0,2.213146391940261,1.3862727871184546,2.3929999470710754,0.9792523207045414,56.107025054761586,0.7123630457704698,0.7123630457704698,1,1,0,False
000255,112,67,46.07231274248183,-9.013996499529062,-0.1809999942779541,0.0,0.0,0.0,2.0305916560879584,1.3823920892679729,2.2179999351501465,1.507672553570745,86.3832742073152,0.5625181599886174,0.5625181599886174,1,1,0,False
000255,113,70,15.865969180078421,-21.43273395065731,-0.39799997210502625,0.0,0.0,0.0,2.448730884562282,1.0630439755312355,2.0239999890327454,-0.24029008884635933,-13.767607949719967,0.6103115301210368,0.6103115301210368,1,1,0,False
000255,114,85,8.593793898289844,19.41721004327179,-0.9269999563694,0.0,0.0,0.0,3.3069407773000643,2.130424866890226,2.391999900341034,0.966074917071616,55.3520154416546,0.76,0.76,1,1,0,False
000255,115,91,29.61885809910507,-6.360176591940418,-0.9624999761581421,0.0,0.0,0.0,1.7950461996288634,1.248130807303144,0.7730000019073486,-1.0566452013166416,-60.54131047819478,0.5513644959603814,0.5513644959603814,1,1,0,False
000255,116,95,20.746710326430648,10.351591651832916,-1.0055000185966492,0.0,0.0,0.0,4.066211468793247,1.7118690432598098,0.8830000162124634,1.0100168009795045,57.86969993343044,0.6436900921637422,0.6436900921637422,1,1,0,False
000255,117,97,9.771801781073458,3.473918258390203,-0.906000018119812,0.0,0.0,0.0,4.076254971692887,1.9253478367363182,1.2200000286102295,-0.11027029703039501,-6.318022625495609,0.9595802471409203,0.9595802471409203,1,1,0,False
000255,118,98,17.963530238708035,-6.593237150708692,-1.1040000021457672,0.0,0.0,0.0,2.2059823119537842,1.549981966464471,0.6860000491142273,0.7113735308934215,40.75870097751233,0.5165932311669067,0.5165932311669067,1,1,0,False
000256,79,35,36.60820127014109,-9.394407985448662,0.24250000715255737,-0.12461830688680635,-0.10285048083586758,0.16157952784775492,0.6052194634160767,0.4972478223095722,2.4929999113082886,-1.4917020870863265,-85.46823388090289,0.49750422525658106,0.5990016901026324,3,2,0,False
000256,94,65,1.1433529035200545,19.721976074526566,-0.7959999740123749,0.22427581100258287,-0.08524337545740916,0.23992930721410233,2.207200998032533,1.6538721617924774,1.1559999585151672,-0.04958290109191199,-2.8408909685811583,0.8703315824554153,0.9481326329821661,2,2,0,False
000256,77,34,22.159966324180367,-7.171686709900623,-0.06299999356269836,-0.04963243909206,0.3147156003417375,0.31860522297772725,2.0808455374642323,0.5519697603799963,2.1179999709129333,1.2875063713501738,73.76868117456824,0.6417943020315718,0.8567177208126286,3,3,0,True
000256,69,8,32.016687176362346,23.619219090200165,0.3774999976158142,-0.23106768466827282,0.5200776639268113,0.569098454938621,4.445153833751922,2.4829093184052526,2.3869999647140503,-0.9201417198203532,-52.720237099615325,1.0,0.7,4,2,0,False
000256,50,60,41.57223842146993,14.838505190627236,-0.6874999850988388,-0.38123488780545534,0.44094753875930975,0.5829020257452628,3.837122634703963,0.8637645151442224,0.582999974489212,-0.22246260187233285,-12.746168186783798,0.5209546307065043,0.44838185228260174,5,2,0,False
000256,114,16,6.827053529911194,19.6154919890534,-0.1850000023841858,-0.6183591289325274,0.06939868102356321,0.6222412629053174,4.987683270591641,1.6542892149044832,2.222000002861023,-0.19657860403257688,-11.26312435364004,1.0,1.0,2,2,0,False
000256,95,20,1.9334943607690689,-27.688705464278108,0.8899999856948853,-0.5292154289948452,0.382001441194593,0.6526822131488985,3.8008938425535987,0.2623684027636484,0.5239999294281006,0.05612435894376056,3.215688895354795,0.531209179660214,0.8124836718640855,2,2,0,False
000256,99,30,15.505241040449118,-7.756506946537057,-0.1459999978542328,-0.7649057129615917,0.2052808608188358,0.7919728414155394,0.6403002978063814,0.38501070565113277,1.8759999871253967,-0.009093683245964634,-0.5210296702226004,0.5002079358263976,0.800083174330559,2,2,0,False
000256,86,2,16.972888298006062,4.867891421384481,-0.20400002598762512,0.6438635131756693,0.5388049145121298,0.8395659351720618,1.0077344265803105,1.304584290332242,1.9820000529289246,-1.5474945158650482,-88.66490457870788,0.7084280822006702,0.6833712328802681,3,2,0,False
000256,71,56,35.62237615642579,17.127739246888122,-0.5830000191926956,-0.24870169442118664,-0.8286708562978466,0.8651866393359156,2.164392682596241,0.7613212868137,0.9580000340938568,-0.02720133609118452,-1.558521755141757,0.48880984588546966,0.49552393835418784,4,2,0,False
000256,57,0,36.53637110244704,3.9027823470612244,0.24050003290176392,-0.3823693405934847,-0.7979219873241138,0.8848083467515209,0.8476468812482764,0.3100233317195934,2.4290000200271606,-1.1306753344606801,-64.78292466413974,0.5406386278141874,0.45625545112567495,5,2,0,False
000256,68,29,47.27383679387923,-25.673465697347524,1.4014999866485596,-0.06161386614063353,-0.8836736721480881,0.8858190714522253,2.7750317962471502,0.8607551838099039,1.3229999542236328,-1.241835267635227,-71.15191968599754,0.620169135412673,0.5480676541650692,4,2,0,False
000256,101,52,33.54014844470946,-15.814919983061616,-0.33799999952316284,-0.6362442653662519,-0.6423855301373983,0.9041382275633233,5.482933273422771,1.5505174666869568,1.3339999914169312,-0.19754075841218258,-11.318251738831474,0.8390140988066597,0.9356056395226638,2,2,0,False
000256,66,41,51.810174209557424,-21.426517346975228,1.108999989926815,-0.8798258652207437,0.2838307485929061,0.9244746870294718,2.0279128193473115,1.0437306379502524,1.9799999743700027,-1.5214097166993252,-87.17035567706557,0.5473476255371419,0.5189390502148568,4,2,0,False
000256,96,26,20.039887170758835,-19.581774607292804,0.895499974489212,0.9542054310779345,-0.10703753254451857,0.9601901051728485,3.209091900597726,1.9451987281321248,0.5550000071525574,1.0267239453257702,58.826948792187316,0.6027414744665343,0.8410965897866137,2,2,0,False
000256,109,57,29.1132543280469,15.294107539886282,-0.581500006839633,-0.9064357447858765,-0.34211193766310477,0.9688479433415393,3.178197158769611,0.4890959403933002,1.0570000149309635,-0.10736412416716647,-6.151511185897163,0.6323841103506022,0.8529536441402408,2,2,0,False
000256,93,18,7.466005472152126,24.735005708390418,0.703499972820282,0.8784070821005311,-0.5143325274132323,1.0179081248519695,2.573566998918693,1.6987343798051175,0.8309999704360962,-1.3826488295583819,-79.2199424823984,0.6430495211920337,0.8572198084768134,2,2,0,False
000256,119,1,26.702155306784856,4.343169321224347,0.05149996280670166,0.0,0.0,0.0,1.2505456145828626,0.5672361878427807,2.1449999809265137,-1.075204461260541,-61.60467774386642,0.607859431269739,0.607859431269739,1,1,0,False
000256,120,3,62.545649912757405,22.081393551551415,1.0729999393224716,0.0,0.0,0.0,3.3475777161997615,1.863921755732254,2.77799990773201,-0.8357964409755165,-47.88760859995212,0.8049999999999999,0.8049999999999999,1,1,0,False
000256,121,5,42.84456634578733,20.50942845712929,1.5625,0.0,0.0,0.0,2.2361316612148894,1.6889211563657254,0.556999921798706,-0.05889304853619441,-3.3743231237830504,0.49380989657055296,0.49380989657055296,1,1,0,False
000256,122,7,35.44809574571802,22.43277309522947,0.7595000043511391,0.0,0.0,0.0,2.1024906518744277,1.969544469423886,1.7670000046491623,-0.5763658752556486,-33.02333210751235,0.6332009435238286,0.6332009435238286,1,1,0,False
000256,123,11,19.303519975298038,17.740117985375182,-0.039999961853027344,0.0,0.0,0.0,3.5966020654856328,3.233329916940311,2.3320000171661377,1.3481667255171383,77.24426345210414,1.0,1.0,1,1,0,False
000256,124,12,17.595110578209887,24.523614437301724,0.0885000228881836,0.0,0.0,0.0,3.9195442145658532,1.9370055379196343,2.384999990463257,0.3118127384471548,17.86555391143859,0.9475,0.9475,1,1,0,False
000256,125,17,9.739486183589355,24.470166279139573,0.23800000548362732,0.0,0.0,0.0,1.6455278307952808,2.0868404660696416,1.7800000309944153,-1.447571117563203,-82.93971558140744,0.6356239723791959,0.6356239723791959,1,1,0,False
000256,126,19,1.8789488945803645,25.62287257717738,-0.040499985218048096,0.0,0.0,0.0,3.859738374176419,2.4889233052312347,2.277000069618225,0.11762778843872866,6.739575830996891,1.0,1.0,1,1,0,False
000256,127,23,10.371213824458422,-27.30119935827282,0.9300000071525574,0.0,0.0,0.0,3.350171861471014,0.2656425394794754,0.5640000104904175,0.0674386088068629,3.8639476608670287,0.4596155128687529,0.4596155128687529,1,1,0,False
000256,128,27,24.538427238042093,-21.093008309495215,1.0239999890327454,0.0,0.0,0.0,5.619511727377011,3.435914695338024,0.7359999418258667,-0.5754041204128777,-32.96822761409531,0.83125,0.83125,1,1,0,False
000256,129,28,32.27413972607033,-19.97446930123134,1.2865000367164612,0.0,0.0,0.0,2.3850070339736176,1.3596041024332868,0.45899999141693115,0.3198256733375992,18.324661262174175,0.5173063894462122,0.5173063894462122,1,1,0,False
000256,130,33,45.55692804862544,-17.848256261563893,1.7114999890327454,0.0,0.0,0.0,2.1680096128923765,1.0600825784432402,0.340999960899353,1.1975841149232507,68.6165153970124,0.45681182857225167,0.45681182857225167,1,1,0,False
000256,131,36,61.98218229524898,25.627010785129375,1.6969999969005585,0.0,0.0,0.0,3.389051050725161,1.498629821010926,1.6459999680519104,1.3867085519196045,79.45254743969133,0.6280820584268183,0.6280820584268183,1,1,0,False
000256,132,43,40.63566159677547,22.272045695417166,0.9404999911785126,0.0,0.0,0.0,2.1814632657836905,1.0679892002293139,1.612999975681305,0.9577353459869267,54.874193215552566,0.5251322301123389,0.5251322301123389,1,1,0,False
000256,133,48,35.02108240136652,14.545289050150696,-0.2294999659061432,0.0,0.0,0.0,3.2138840490281,1.6996083449562303,1.6309999823570251,-0.46611899411224056,-26.706651113514653,0.9484847201896792,0.9484847201896792,1,1,0,False
000256,134,50,23.59844279055632,16.178588870523562,-0.42650002241134644,0.0,0.0,0.0,4.2531574178854274,1.6161199768639687,1.4550000429153442,-0.21658334337530072,-12.40931148823743,0.9666851121103424,0.9666851121103424,1,1,0,False
000256,135,53,38.919596196895874,-16.42158774788158,-0.3059999942779541,0.0,0.0,0.0,4.4451879274977895,1.8027224770400039,1.2860000133514404,0.030392405907941775,1.7413565877735324,0.7130047365557718,0.7130047365557718,1,1,0,False
000256,136,59,47.78398840701317,-17.676721532620377,-0.5380000099539757,0.0,0.0,0.0,2.7704725473216776,1.1667833452763414,0.6980000287294388,0.07617061505693834,4.364254765678208,0.4926052311524625,0.4926052311524625,1,1,0,False
000256,137,62,8.41570446895552,16.50494663425707,-0.7405000105500221,0.0,0.0,0.0,3.982815389168544,1.5592444734736366,1.1170000284910202,-0.007310469343118838,-0.4188590396204847,0.9156129076473198,0.9156129076473198,1,1,0,False
000256,138,64,2.9830160980993496,17.0098176435173,-0.7109999880194664,0.0,0.0,0.0,3.9349202460985957,1.6152087790551048,1.1179999858140945,0.006098855492471437,0.34943867957879454,0.9184282054655228,0.9184282054655228,1,1,0,False
000256,139,66,12.00904238701449,27.57130185466172,-0.7650000005960464,0.0,0.0,0.0,2.239937357021154,1.7462927855414685,0.6739999949932098,0.4108363131720191,23.539186815471645,0.4876901540907452,0.4876901540907452,1,1,0,False
000256,140,68,12.739428497768818,16.533938018467545,-0.9154999852180481,0.0,0.0,0.0,1.9246627200263133,0.9787954060630923,0.6269999742507935,-0.8310470350844403,-47.615487687198886,0.5421862424402275,0.5421862424402275,1,1,0,False
000256,141,69,12.99104687940857,19.139407659804515,-0.9584999978542328,0.0,0.0,0.0,1.0803189166210068,1.1247824755576843,0.5430000424385071,1.281957116919561,73.45073231624986,0.4697468711175977,0.4697468711175977,1,1,0,False
000257,28,14,5.994533332231455,-21.0404095465202,-0.22850000858306885,0.09151309996358455,-0.3815858667708394,0.3924059392825213,0.8407918612850704,0.29869356695469496,2.3550000190734863,-0.7918500115131561,-45.36966366708949,0.4836072105442983,0.45058574136057644,7,3,0,True
000257,117,0,9.216640343753946,2.747316254043836,-0.3605000078678131,-0.19430650306182926,-0.2543107015212284,0.32004523124136064,0.6295272803503695,0.5564381451211151,1.7950000166893005,-1.2807443529486329,-73.38124605917015,0.544229598780193,0.6176918395120772,3,2,0,False
000257,14,13,1.0676665012512965,-15.131329225245656,-0.36899998784065247,0.24322663759814833,-0.8926124003781514,0.9251573350226144,0.7629437323476775,0.6126092068169796,2.199999988079071,-1.0968202181256839,-62.843169383220044,0.5321374995801867,0.43785499983207465,8,3,0,True
000257,93,11,7.416429841591927,24.938420523996932,-0.0040000081062316895,0.5536131326692755,-0.263120957356321,0.6129601445966905,1.9729340253152037,2.1915844312700314,2.224000096321106,0.7283558635110681,41.73171696279084,0.8965207689782936,0.9586083075913174,3,3,0,True
000257,126,40,1.12897881294787,26.629366200605677,-0.013000011444091797,-0.2624895285713731,0.35227276819990433,0.4393140742394275,2.0013669099898426,0.5781570345988186,2.252000093460083,0.04710103430949428,2.69869047663491,0.5509299853660425,0.820371994146417,2,2,0,False
000257,103,49,41.08736364597913,-6.396465101444455,-0.27250000834465027,-0.3723579792068502,0.24828543690210003,0.44754454846045866,1.7534878291532738,0.4231637070113512,1.2210000157356262,1.5489515821355178,88.74838832647664,0.5525999527377705,0.6210399810951082,3,2,0,False
000257,134,5,23.38319568879252,17.536138751222595,0.13449996709823608,-0.07533648561733024,0.47514245824466134,0.4810778956592684,0.5238491007610852,0.472513874008941,2.1369999647140503,0.302198513247748,17.314699384224255,0.45256604974791337,0.7810264198991653,2,2,0,False
000257,94,30,2.893996621654783,19.49130959039909,-0.0729999840259552,0.7585045784988338,-0.1361414634919323,0.7706255210447022,0.7081491693629318,0.40787864916856237,1.8979999423027039,0.336119797456735,19.258245805062977,0.4978869377673297,0.7991547751069319,3,3,0,True
000257,140,8,13.815067009299122,15.367169343536567,-0.08750000596046448,0.37647347903560635,-0.4083690362258423,0.5554255577169603,0.7569289707584032,0.4658885271500023,1.9890000224113464,-1.4405752391018312,-82.53888127158437,0.5416901660805676,0.816676066432227,2,2,0,False
000257,69,6,32.39185894534459,25.7614708683619,0.47099998593330383,-0.01888387589059287,1.0878386039090349,1.0880024949067946,0.8234633513294831,0.4120294939221484,2.269999921321869,-0.43820749988163155,-25.10744029419701,0.4753365161644135,0.5501346064657654,5,3,0,True
000257,106,22,24.927799986825807,-12.653994539506462,-0.028500020503997803,0.6816246928966366,-0.055340711445760686,0.6838675429567901,0.6067231625735958,0.6128848804944931,2.3630000352859497,1.0039872348834096,57.52423124382903,0.5333947499421632,0.6133578999768652,3,2,0,False
000257,131,45,62.4835239741021,27.845184702871435,0.04500000178813934,0.17546958759859058,0.7763608712097211,0.7959433261969954,3.139647136169727,1.457093273930275,0.7619999945163727,1.115873719304472,63.934854585712145,0.5205994353846629,0.8082397741538652,2,2,0,False
000257,25,23,31.0152449920423,-14.72772445064497,0.1274999976158142,0.8214395544270208,1.1820050415674241,1.439409205149137,0.545655606816303,0.42788521304388083,2.4929999113082886,0.5983676493012251,34.283940902124364,0.4684510091243566,0.44452326079259974,7,3,0,True
000257,104,51,41.50167216731817,-12.041156711666082,-0.5380000099539757,-0.3223426365396445,-0.8792464727738549,0.9364716414374727,3.4898077746935456,0.949750546123424,0.8180000334978104,0.7573765830371328,43.39448171006725,0.5901869604341556,0.6360747841736623,3,2,0,False
000257,105,19,15.271267650379924,-14.69507678630191,-0.22200003266334534,-0.7366977636159983,-0.6339359732039735,0.9719045287675545,0.8838975402410552,0.5960404536261306,2.3080000281333923,-0.5418986417042201,-31.04850509352379,0.50901572855484,0.603606291421936,3,2,0,False
000257,142,9,9.924688105128405,13.572216169963355,-0.2239999771118164,0.0,0.0,0.0,1.5974809394879816,0.9148791295701759,1.9679999351501465,1.3107617685755446,75.10111728648224,0.7504372630830611,0.7504372630830611,1,1,0,False
000257,143,16,7.52246447537255,-14.689946788382365,-0.3149999678134918,0.0,0.0,0.0,0.6879847050238143,0.3415997040300448,2.1839999556541443,-0.8622548244897141,-49.403562308054155,0.482304559353026,0.482304559353026,1,1,0,False
000257,144,25,54.39853560810343,-14.673304626284866,0.7475000023841858,0.0,0.0,0.0,6.82989721039027,2.7341913324721743,2.7489999532699585,0.4345084626289163,24.895501071354758,1.0,1.0,1,1,0,False
000257,145,26,59.43603064963296,-13.257218076114386,0.9854999780654907,0.0,0.0,0.0,2.7151869871322436,1.446541211093829,2.5369999408721924,0.2616019234193756,14.98868612443479,0.6998232792473236,0.6998232792473236,1,1,0,False
000257,146,27,66.13372712295204,22.118962334789952,1.1194999814033508,0.0,0.0,0.0,2.775504618512106,1.27038109319215,2.9329999685287476,-0.5793019953864805,-33.191559399152425,0.724860118461405,0.724860118461405,1,1,0,False
000257,147,37,1.418245876727224,-30.312138900625712,-0.12050002813339233,0.0,0.0,0.0,0.7564635227577803,0.5528682264374609,2.041000008583069,0.1237068180929905,7.087878573720967,0.4579766084411161,0.4579766084411161,1,1,0,False
000257,148,39,30.210850909877603,-0.09618470818582457,0.13599997758865356,0.0,0.0,0.0,0.7078141346026929,0.40447328648735303,2.1999999284744263,-1.364605218348099,-78.18611971287424,0.4692473696643617,0.4692473696643617,1,1,0,False
000257,149,43,64.5933514981875,-12.423212250822777,0.25049999356269836,0.0,0.0,0.0,3.797236661512149,1.1102170311160473,1.946999967098236,0.4660197882310966,26.700967035222227,0.6668013062632401,0.6668013062632401,1,1,0,False
000257,150,46,49.89057054112388,26.0140823400708,0.23899999260902405,0.0,0.0,0.0,1.3622078843273175,0.812339261965963,1.6500000357627869,-1.1372286250353523,-65.15840055599132,0.5116808117130334,0.5116808117130334,1,1,0,False
000257,151,47,15.061979635854817,22.702045549389766,-0.3685000240802765,0.0,0.0,0.0,1.319967640807958,0.6111675289343507,1.3210000395774841,0.25420404201269964,14.564818742493953,0.469011315836885,0.469011315836885,1,1,0,False
000257,152,54,2.719986287724444,35.95865772728413,-0.3199999928474426,0.0,0.0,0.0,4.251317047994608,1.078653138830851,1.277999997138977,-0.13943683881071808,-7.989142372500103,0.5939253347624066,0.5939253347624066,1,1,0,False
000258,86,51,18.17280992566914,6.481695658420872,-0.9570000022649765,0.838483853246262,0.915054677395621,1.2411205561017442,3.3320329860988838,1.6848542094512338,1.0560000240802765,-0.11138319163186877,-6.381786789202949,0.7675562227799066,0.6670224891119627,5,3,0,True
000258,97,43,18.778540024465368,-10.7666532163384,-0.11950001120567322,0.43635107017795227,-0.013143728899547912,0.43654898242331186,1.6213612437222682,0.6593275561488775,2.099000036716461,-1.4634761952946267,-83.85100940824553,0.5411474689777557,0.5164589875911023,4,2,0,False
000258,106,22,25.533520821931408,-11.387711962063383,0.13700002431869507,0.655058342669774,0.40722743966533304,0.7713206984890614,1.9062935784072321,0.7330720166149589,2.0800000429153442,-0.37928160572660724,-21.73123525507951,0.6196949508960166,0.6978779803584065,4,3,0,True
000258,70,47,22.902000375620897,5.731320055201462,-0.8089999854564667,0.12934415911431502,1.4520252829010043,1.4577747883952208,3.981864385923541,1.6255930348505383,1.3499999642372131,-0.13832525678980223,-7.925453414119002,0.9456400439000827,0.6782560175600332,6,3,0,True
000258,107,23,28.946347160614945,-9.044799850086914,0.03549998998641968,0.25320168555760564,0.45360472713521244,0.5194885389001601,1.854953908464701,0.9064973420046547,2.3730000257492065,0.43315516360358974,24.817962748784378,0.6452537523697981,0.5581015009479192,4,2,0,False
000258,20,18,3.2123305856283375,-5.2966368136569315,-0.4245000183582306,-0.027957576293861808,1.5197120215122086,1.519969162319075,0.7580176622589343,0.4314596834821184,1.6930000185966492,0.4686435517817764,26.85129761311644,0.6704783755122041,0.49319135020488164,8,3,0,True
000258,92,13,6.437937721280262,23.653436703694346,0.6684999912977219,0.41927382416411696,0.45119656233829203,0.6159292796215285,3.4643304702202924,1.702521982230953,0.7750000059604645,-0.029766780740147138,-1.7055109061017357,0.6174337764847313,0.5469735105938925,4,2,0,False
000258,75,53,2.5282370685807387,-8.711775202516156,-0.7095000222325325,0.670006264135812,-0.023166655972034177,0.6704066586260566,5.142807382104779,1.3088056960733732,1.027000054717064,-0.1065632385907042,-6.105623822492973,0.9152111870813775,0.606084474832551,5,2,0,False
000258,140,11,12.583964407162608,16.117451174093834,-0.359499990940094,-0.186178149374636,-0.0028412328517541385,0.1861998278964891,5.2729868407253715,3.0484445691311706,2.5570000410079956,-1.1281744068899626,-64.63963206946973,1.0,1.0,3,3,0,True
000258,111,48,16.506885100682222,-18.965637598832906,-0.5099999881349504,0.5822183486995955,-0.4374380041497037,0.7282377448587515,2.5481746038112685,1.2956289573837843,1.0299999760463834,1.291067203241009,73.9727018134687,0.6054255565040044,0.5421702226016017,4,2,0,False
000258,79,26,38.687491676083404,-9.311580189650998,0.24650001525878906,0.6467497426033866,-0.037863084014131465,0.647857115951201,3.8535170474354743,0.6398201060796226,2.743000030517578,-0.04621291752566738,-2.647805133206896,0.7702170801355385,0.6680868320542154,5,3,0,True
000258,94,14,1.9822851219413673,21.065679584959266,0.5555000081658363,0.17392895112454643,0.4625375468263054,0.4941581348752457,3.549015417932869,0.5337562205282683,0.7650000303983688,0.728551754299801,41.742940678230724,0.5766524414246549,0.8306609765698619,4,4,0,True
000258,74,8,16.970161069314727,14.560196526898924,-0.32099997997283936,0.8060115820298738,0.24724312284756686,0.8430799678332519,2.3075508511000535,2.0757577249014743,2.6419999599456787,-0.7289673170231438,-41.76675066840123,1.0,0.64,5,2,0,False
000258,27,49,25.338756916840783,-4.171031632026202,-0.8365000188350677,0.23326901307460074,-0.468741029283992,0.5235767231218501,2.148932294503107,1.5270208777798895,1.0170000195503235,1.1058187744951558,63.35874868490134,0.6381208239822048,0.48024832959288194,8,3,0,True
000258,91,37,28.649135774547478,29.078893331617067,-0.25850000977516174,-0.3229737056753006,0.8067973737563818,0.8690420109855626,3.923995540786742,2.755435901084919,2.1730000376701355,-1.2944199969392662,-74.16480274195689,0.9962500000000001,0.6985000000000001,4,2,0,False
000258,22,39,6.817522200340306,-8.662238749435362,-0.4544999897480011,-0.07957635172286079,-0.6053428554550828,0.6105508729041617,2.5098314500695005,1.1373083022202277,1.5389999747276306,-0.33900071445663027,-19.423310190284468,0.8544666963255935,0.5667866785302373,8,3,0,True
000258,44,20,10.617939378710593,-10.335937551655284,-0.25,-1.5062585090271998,0.00851001376138183,1.5062825486445304,1.6437909751064796,0.8316615798146407,1.9119999408721924,0.08604060505324805,4.929763536303097,0.6710642111886431,0.5255685416183145,7,3,0,True
000258,19,50,0.8961487922217806,-10.907400146756684,-0.47850000858306885,-0.9308064790268052,1.320658844049063,1.6157167090066518,1.655753513402555,0.7067435271943459,0.781000018119812,-0.19337647795039423,-11.079656043662213,0.4627320135883103,0.4850928054353241,8,4,0,True
000258,115,24,30.68851682520027,-9.043738460768827,0.03049999475479126,0.3743805541333207,-0.9392466540899432,1.011110813181387,1.1102191408207205,0.9899708842847192,2.541000008583069,1.300800758006975,74.530393421218,0.5540462340085317,0.5216184936034127,4,2,0,False
000258,153,0,66.23489747780211,3.5939569268004625,1.4454999566078186,0.0,0.0,0.0,2.761652746763163,1.8450223855520766,2.0649999380111694,-1.5169328057198506,-86.9138475726859,0.7053636197662486,0.7053636197662486,1,1,0,False
000258,154,12,3.9739574478546813,14.142914149673922,0.4935000091791153,0.0,0.0,0.0,4.501673379193329,1.7572339059373554,0.48100003600120544,-0.1690059126957604,-9.68332551022353,0.8109157910610373,0.8109157910610373,1,1,0,False
000258,155,17,17.435026191334945,-36.65748000693836,0.6755000054836273,0.0,0.0,0.0,6.715685816349071,0.8352070107923498,2.0009999871253967,1.422497639091715,81.50311108727905,0.9870597444641597,0.9870597444641597,1,1,0,False
000258,156,19,19.78854769685163,-24.170539876336147,0.48250000178813934,0.0,0.0,0.0,7.365791431703976,2.0590731392983868,1.7550000250339508,1.5258778355338265,87.42636002864542,1.0,1.0,1,1,0,False
000258,157,25,34.29452771992323,-9.118430904993648,0.09049999713897705,0.0,0.0,0.0,4.607492455680327,0.8763859064294364,2.760999917984009,-0.0042363285327175005,-0.24272374555556145,0.985812600302963,0.985812600302963,1,1,0,False
000258,158,27,26.820454472862806,-5.477301104088985,0.23399996757507324,0.0,0.0,0.0,0.7938667129286519,0.4057809452295551,1.805999994277954,1.3625749630209516,78.06979465129474,0.4759462931225486,0.4759462931225486,1,1,0,False
000258,159,29,45.73626063948911,6.269889831725096,-0.033499956130981445,0.0,0.0,0.0,5.369620606199839,2.208464300530038,3.0490000247955322,-1.1133850518481727,-63.792264443854634,1.0,1.0,1,1,0,False
000258,160,33,34.961352309912506,28.40822829262012,-0.28200000524520874,0.0,0.0,0.0,2.227508678786504,0.6417165760879481,3.0200001001358032,1.3913922625210149,79.72090428961283,0.6656979409276563,0.6656979409276563,1,1,0,False
000258,161,36,63.69623029344325,2.0643944205112383,0.09700000286102295,0.0,0.0,0.0,7.079463499324127,2.042646545685943,3.140000104904175,-1.26556318641467,-72.51142928868883,1.0,1.0,1,1,0,False
000258,162,42,14.80278233117244,-32.228082463251056,-0.27699999511241913,0.0,0.0,0.0,3.349357663417659,1.6263718551812358,1.1979999840259552,1.2959156285957771,74.25049612358113,0.5750144425828803,0.5750144425828803,1,1,0,False
000258,163,55,16.700210057791494,9.253433908871507,-1.0699999928474426,0.0,0.0,0.0,2.3834725314678424,0.30360800574867375,0.8639999628067017,-0.20206931884305246,-11.577719138790265,0.4541704348767372,0.4541704348767372,1,1,0,False
000259,151,80,15.229969085652602,22.38302865219466,-0.41599999368190765,0.05879630742922481,-0.11165591401828684,0.1261905261997547,2.6485055540602778,1.087011971759197,1.1599999964237213,-0.2018953932474372,-11.567753936212211,0.6156598398893963,0.6462639359557585,3,2,0,False
000259,138,102,3.0298030208819733,16.48524257348717,-1.2744999825954437,0.016375422973918273,-0.183601274510546,0.18433009108518228,1.003462954082905,0.9510130437679749,1.0569999814033508,0.5607347580194297,32.12773506080281,0.4755616967157553,0.49022467868630215,4,2,0,False
000259,127,31,9.71322204365025,-26.57732579398457,0.0015000104904174805,-0.23029712328286045,0.25335574750088785,0.34238268032144187,4.428223776901941,2.899877755835843,2.2750000953674316,1.379908723404687,79.06294596437384,0.9849999999999999,0.694,4,2,0,False
000259,20,114,3.662839795602515,-2.9125364360218495,-1.0139999985694885,0.1395057988999519,1.8222479461552141,1.8275802158027457,7.327924148118886,1.6050527921534328,0.5879999399185181,-0.20350484196531896,-11.659968555089577,0.8365146983456646,0.6012725460049325,9,4,0,True
000259,62,11,16.659937853841033,18.7851975713488,-0.26499998569488525,-0.4438742137893761,-0.3907342430040204,0.5913523199608348,7.134032845239958,3.0287459949968984,2.7720000743865967,-0.1938139355414244,-11.104720517344202,1.0,0.6571428571428571,7,3,0,True
000259,96,35,20.162923721429323,-18.7258022618816,0.13899999856948853,0.6632963229353283,0.230015924739984,0.7020465352478547,1.9717597762748662,0.959416205115967,2.0019999742507935,1.3345384825051088,76.46342264533618,0.5706209998626838,0.5882483999450735,5,3,0,True
000259,94,22,1.8937201706079119,22.849040425583837,-0.12849998474121094,0.08205608526424579,0.9248256996556983,0.9284588175425688,4.893474720237069,3.37535290369168,2.36899995803833,-0.5214231755126846,-29.875347297186,1.0,1.0,5,5,0,True
000259,143,82,7.137919998861609,-13.136239547336773,-0.37199999392032623,-0.1345905667788293,0.543797534365957,0.5602056578153605,1.3646691429438098,1.2551141645803092,1.1099999845027924,0.9674217386035501,55.429182631191765,0.48668708762617957,0.5946748350504718,3,2,0,False
000259,57,78,35.67202845307358,1.5611196197424047,-0.19700001180171967,-0.5510599986664768,-1.3382312463222608,1.4472491115089787,1.5102238235485281,0.2522875494533127,0.6960000097751617,1.5376228883299012,88.09930198401882,0.46316972380587523,0.41026788952235005,8,3,0,True
000259,139,17,13.453489770618612,26.731654272237364,0.5054999813437462,0.5055565842614423,-0.2938766538485243,0.5847657202395693,1.7632737184613847,0.4619184297226335,1.4309999495744705,-0.17674466337987713,-10.126723263127396,0.4894255530742715,0.4957702212297086,4,2,0,False
000259,111,34,16.29918651944549,-17.920284530729482,0.4570000022649765,0.3057474232218815,0.08153887113889086,0.31643336472853956,1.9931806120662479,0.8621228721316376,1.1780000030994415,-0.9979707839676141,-57.17951399870633,0.48498726421668364,0.5539949056866734,5,3,0,True
000259,123,10,21.039439388699513,17.998951965704887,-0.20099997520446777,0.6075717946905165,0.09059189311539662,0.6142885126727397,3.5375088664453473,3.2244798749040635,2.753999948501587,-0.5949241954656049,-34.08664553039519,1.0,0.7,4,2,0,False
000259,126,96,2.4346256543705183,26.102737165867243,-0.8944999873638153,0.28635820092653436,0.044657137171485894,0.2898193905490699,2.1908819708938205,1.2495819782690196,0.8169999718666077,0.01571032482093641,0.9001353070192771,0.5372781649586528,0.6649112659834611,4,3,0,True
000259,135,38,38.202836581995946,-18.0719727260057,0.6469999849796295,-0.2508658652149748,-0.5776347423434417,0.6297583488070898,3.033334832821079,2.327588966766994,2.0419999957084656,1.512185271463189,86.64183389668541,0.8125,0.625,4,2,0,False
000259,95,24,1.9611803656451454,-25.542650756098524,-0.05149996280670166,-0.3342999271400226,0.9994200846393397,1.0538486356523546,5.888257691274893,3.1303016282966327,2.3910000324249268,1.3992828490566382,80.1730015959868,1.0,0.76,5,3,0,True
000259,88,85,27.48662019516759,8.606428517211782,-0.455999992787838,-0.6640906211844548,0.039259000566000686,0.665250044923408,2.9375392006435783,1.1529010955896837,0.5259999781847,-0.0337425049016544,-1.93330312106429,0.49594000006216427,0.4383760000248657,5,2,0,False
000259,121,4,43.8988449719094,22.094613709901527,0.849500022828579,0.3689975191427244,0.5548148384702832,0.6663172473531597,0.8618659533543999,0.8203601758927005,2.063000038266182,0.19159615679871775,10.97765115549328,0.49431040981759805,0.4977241639270392,4,2,0,False
000259,144,43,53.817161129477064,-12.79594506402951,1.236999973654747,-0.2034810675192279,0.6570758467893744,0.6878613328809361,3.043875187314165,1.905457821579943,1.7179999649524689,0.9956407661490834,57.046013811514236,0.7185726365486189,0.6874290546194475,3,2,0,False
000259,104,53,40.99771148345673,-10.909609235351926,0.6275000274181366,-0.3859089531022716,-0.1754685905930513,0.4239279966801003,2.188260569082091,1.2940447860581992,2.0330000519752502,0.4386266845166942,25.13145780462283,0.558447680733869,0.5833790722935476,5,3,0,True
000259,130,40,45.750233795088825,-20.00122685238926,1.1294999867677689,0.06765701126218565,-0.7535397067888778,0.7565709225713075,3.107768839141581,1.457307539236393,1.5309999883174896,1.2746254491547626,73.0306586965348,0.6268143435010279,0.5507257374004112,4,2,0,False
000259,91,12,29.39837277485177,31.86767128433625,1.440500020980835,0.05230004141755637,1.5004905763933623,1.5014017664094985,3.0557840173018773,1.68437372004311,0.5550000667572021,0.1991647977488529,11.41130233858591,0.547610516935804,0.5790442067743216,5,3,0,True
000259,103,47,40.89536048588035,-3.8876564795805537,0.6120000183582306,-0.30923379251902505,1.0394685516387303,1.0844908520967889,1.8324540906036213,0.4963468636284991,1.9660000205039978,1.4666629165093419,84.03359508433353,0.6160523597216135,0.6064209438886454,5,3,0,True
000259,117,92,11.360233132848217,2.257110062757543,-0.6009999886155128,0.6239582491928057,-0.33687412293900093,0.7090896074839008,3.91020315964202,1.832950235508176,1.0419999808073044,-0.31327202748457467,-17.949165014372454,0.9244705065415224,0.7297882026166089,5,3,0,True
000259,134,8,24.796937678278073,19.942074840704848,0.3149999976158142,0.4458409806686795,1.1509202291778184,1.2342574909532986,2.0142387843037457,1.3277013179977066,1.9420000314712524,0.004152147119522712,0.23790050586605319,0.6165584204530767,0.6966233681812306,4,3,0,True
000259,132,48,39.17701212811447,24.242891825611675,1.052499994635582,-0.5105273140313503,0.6897961455680782,0.858170647839136,2.996721259435496,1.6478932106827404,1.405000001192093,-0.42409955500105617,-24.299114594936842,0.5818879775633481,0.5327551910253392,4,2,0,False
000259,28,30,7.064256949630447,-18.909763546908355,0.09000000357627869,0.4338867810659769,0.4976952864630996,0.6602714115811631,2.6187778169027305,1.3204518060057988,1.6259999871253967,0.006464564874354206,0.37039228368901533,0.6874609834899285,0.5416510600626381,9,4,0,True
000259,148,90,27.522455476142333,-0.5842159241519106,-0.429500013589859,-0.9409384018073443,-0.1708109255881301,0.9563166046326045,1.3912940134075593,0.31427060738577817,0.49900001287460327,1.5427194907160822,88.3913157906033,0.46613640283562624,0.5864545611342504,3,2,0,False
000259,149,46,63.40611182448299,-9.841147629954254,1.2415000461041927,-0.41553388579657874,0.9037226173039832,0.9946773241971316,1.9619729382970965,0.8948253465992921,2.2710000947117805,1.2573256699961233,72.03945436423639,0.5852003376562687,0.6340801350625074,3,2,0,False
000259,164,0,54.3615802259948,8.987428859538182,1.1070000492036343,0.0,0.0,0.0,2.1111642778515853,1.17940687684102,1.9740001037716866,1.3229404959096782,75.79890696256871,0.6119184271651413,0.6119184271651413,1,1,0,False
000259,165,1,51.195632429869555,18.202270269088288,1.2204999476671219,0.0,0.0,0.0,2.3176816078076747,1.8163916685749086,1.686999887228012,1.265308963955185,72.49686341470291,0.6071160292291112,0.6071160292291112,1,1,0,False
000259,166,2,46.92118838168482,19.36104088632029,0.8695000112056732,0.0,0.0,0.0,1.7742722242537416,1.1255749063567353,2.1290000081062317,-0.8470766913882422,-48.533919340452,0.5858629240545694,0.5858629240545694,1,1,0,False
000259,167,3,40.882902731875376,18.781673295169718,0.3955000042915344,0.0,0.0,0.0,1.3038085938360977,1.383071138332838,2.718999981880188,-1.082480680716332,-62.02157440949423,0.607967733422195,0.607967733422195,1,1,0,False
000259,168,5,37.05761883363036,19.630090362220937,0.24900001287460327,0.0,0.0,0.0,3.0001977164828455,2.009007873113234,2.7559999227523804,-0.4756381242306405,-27.252057093934837,0.84625,0.84625,1,1,0,False
000259,169,13,31.76208615442161,37.98644347446982,1.0110000148415565,0.0,0.0,0.0,2.12743602972798,1.4022959773001191,1.7600000351667404,0.27321540934245014,15.654089853261556,0.5500099880177719,0.5500099880177719,1,1,0,False
000259,170,14,14.067636495837839,24.71868940770237,0.14600002765655518,0.0,0.0,0.0,6.899263979397345,2.6812266001704668,2.2100000381469727,0.17802414786939308,10.20003232432911,1.0,1.0,1,1,0,False
000259,171,15,17.785184027619565,30.80533894466787,0.7855000123381615,0.0,0.0,0.0,1.975802475767372,1.229910113945826,1.2670000344514847,-0.4389166811463245,-25.148073387573664,0.5100647567411469,0.5100647567411469,1,1,0,False
000259,172,21,3.080676684418102,19.789299224975025,-0.19999998807907104,0.0,0.0,0.0,1.4602902017222357,0.8853975470379432,2.1920000314712524,1.071518252536856,61.39347354159497,0.6522353123240052,0.6522353123240052,1,1,0,False
000259,173,23,0.7583835109701187,21.304818558753393,0.22699998319149017,0.0,0.0,0.0,2.110772219782806,0.8831095165572718,1.4479999840259552,-0.7851635238177165,-44.986556142374646,0.5487355714048027,0.5487355714048027,1,1,0,False
000259,174,29,10.899397391864236,-30.46863168359726,0.242000013589859,0.0,0.0,0.0,2.5658264755041253,1.5008028575009822,2.1000000834465027,-0.5398351409407005,-30.930275208752096,0.6385279950756854,0.6385279950756854,1,1,0,False
000259,175,32,11.191236935214777,-22.88568930320846,-0.0029999613761901855,0.0,0.0,0.0,1.9792763618254927,1.4402802594679056,2.1759999990463257,0.5612365767685439,32.15648715720759,0.805885846191421,0.805885846191421,1,1,0,False
000259,176,36,27.05275861762539,-23.324261718610337,0.6749999709427357,0.0,0.0,0.0,2.452083024878199,1.1539040677933947,1.5199999436736107,-0.6106246129712701,-34.98621319006312,0.5379298679604477,0.5379298679604477,1,1,0,False
000259,177,37,23.526218888758095,-17.358058327586704,0.492499977350235,0.0,0.0,0.0,1.372054367326781,0.9490650481628646,1.4009999632835388,1.2752324204653958,73.0654355909196,0.481655641715431,0.481655641715431,1,1,0,False
000259,178,45,55.12471416077525,-10.142303309173997,1.1130000576376915,0.0,0.0,0.0,1.6618802991873243,1.1772659748249414,1.9880001097917557,1.410984144872218,80.84343646105361,0.5835745462361587,0.5835745462361587,1,1,0,False
000259,179,55,31.076825523141203,34.85574895134014,0.5244999974966049,0.0,0.0,0.0,1.6357985740672785,1.1728491774741046,1.9410000145435333,-1.0010630692807243,-57.35668889619783,0.5095649316067381,0.5095649316067381,1,1,0,False
000259,180,58,59.82189511256643,17.79327440949799,0.8740000277757645,0.0,0.0,0.0,1.9372992618634166,1.578070767850888,1.5300000607967377,1.0656361534063974,61.056454086742114,0.5292084841077986,0.5292084841077986,1,1,0,False
000259,181,62,25.017523300345044,25.435654960900674,0.31550002098083496,0.0,0.0,0.0,3.45806860425858,1.9800453047670743,1.749000072479248,1.4761792693695777,84.57884193958228,0.8045939207460783,0.8045939207460783,1,1,0,False
000259,182,64,20.219672582068007,28.47462324974427,0.47300001606345177,0.0,0.0,0.0,1.2634271547452873,1.1357490342555252,1.08600003272295,1.2061789368946847,69.10896242164189,0.4772223454750495,0.4772223454750495,1,1,0,False
000259,183,74,21.136808270375436,2.1114431842212444,-0.2849999964237213,0.0,0.0,0.0,3.161619831415153,1.4637441536606566,1.11599999666214,-0.39402587635810177,-22.576019734262836,0.7285771270671171,0.7285771270671171,1,1,0,False
000259,184,91,0.8598777211758185,19.676126971802773,-0.7710000053048134,0.0,0.0,0.0,1.6227783865927572,1.7274914910700527,1.1220000237226486,-1.5031976775541602,-86.12688269772057,0.6649223815918527,0.6649223815918527,1,1,0,False
000259,185,99,9.475387651340458,8.865163156936601,-0.7985000312328339,0.0,0.0,0.0,3.4697658358538246,0.8483120456920121,0.737000048160553,0.1883295460191252,10.790488144510688,0.5286553080577707,0.5286553080577707,1,1,0,False
000260,185,35,9.369182601462354,9.109703186645492,-0.4855000227689743,-0.037171767457336545,0.08558901039811156,0.09331248039158724,0.6633580980761646,0.2565036229296581,1.179000049829483,1.1042642915046006,63.26968337021766,0.45834352143602675,0.7833374085744107,2,2,0,False
000260,137,10,9.388566524536351,16.537369560214913,-0.4025000333786011,0.34050171945329105,0.011348024085244823,0.3406907668271728,4.2610943771988,3.960913490453126,2.575000047683716,0.28101547141212985,16.10100048979428,1.0,0.64,5,2,0,False
000260,165,1,50.90831764900611,16.56063086097845,1.210999995470047,-0.10056017330220647,-0.5745737928384436,0.5833072876891943,3.045972156339027,2.349499886781986,1.6700000166893005,1.101269725307813,63.098107365669186,0.7479395647387457,0.8991758258954983,2,2,0,False
000260,121,34,44.95486354574143,24.216221475006964,-0.6594999730587006,0.6094548882839828,1.1031923627925873,1.2603446553134319,3.9373512888706914,1.4559006599576332,0.9489999413490295,-0.5876133091478956,-33.6677625998905,0.6581673332400659,0.6232669332960263,5,3,0,True
000260,71,3,37.33028524559171,16.455984230816178,0.7445000186562538,0.4361120798343019,-0.773750312218781,0.888191022154616,5.7748565210315075,3.531128011533223,1.7370000332593918,-1.2306104254253358,-70.50878360167047,1.0,0.625,8,3,0,True
000260,77,61,21.26184523612566,-4.903554740447409,-1.4259999990463257,-0.34660346622898686,0.9984113295307542,1.0568628793449586,1.815843351404916,1.2473579705427371,0.5639998912811279,1.4067869429898536,80.60295450742977,0.46504105866559087,0.5288735663233792,7,4,0,True
000260,170,11,12.3299619942602,23.306047975133673,0.40050001442432404,-0.6081860755521733,-0.49442450139904426,0.7838022008639982,3.352406824988565,1.6822226999140386,1.445000022649765,-1.3805169418520087,-79.09779431442738,0.7033178366821361,0.8813271346728544,2,2,0,False
000260,179,23,28.97555329700667,36.64503716257763,0.9675000011920929,-0.7354452791470866,0.6262508739331216,0.9659554418924998,1.5721490498147501,1.6822179356989875,1.6669999957084656,0.8555294923964375,49.018229163285525,0.5547285072735123,0.8218914029094049,2,2,0,False
000260,186,0,64.08367180990388,17.043211296789742,1.4475000202655792,0.0,0.0,0.0,5.6461931332172774,2.7868570816190372,2.071000039577484,1.4726053671336934,84.37407242507375,0.92875,0.92875,1,1,0,False
000260,187,5,38.631919184521585,35.67029713235611,1.376999944448471,0.0,0.0,0.0,2.7911163424986993,1.6338362625971206,1.2879999279975891,-0.42318322324741037,-24.246612652819117,0.63914286946805,0.63914286946805,1,1,0,False
000260,188,9,23.231588306081743,31.75015466949308,-0.09150004386901855,0.0,0.0,0.0,4.046727455174466,2.270852914266558,3.3550000190734863,0.41456818101378434,23.75300709250539,1.0,1.0,1,1,0,False
000260,189,15,19.006996506862137,-39.257313547326866,0.6444999724626541,0.0,0.0,0.0,4.057474146774385,1.3626520766940595,2.1169999539852142,-0.13793724216480566,-7.903221813717347,0.9950789197001377,0.9950789197001377,1,1,0,False
000260,190,19,53.523720916882624,-31.101243339971703,1.5524999797344208,0.0,0.0,0.0,2.337066374958475,1.4054894517410974,1.4549999833106995,0.5181034874040465,29.685143179261274,0.5384045109333944,0.5384045109333944,1,1,0,False
000260,191,20,12.623287082194356,-4.502925353280811,-0.5740000009536743,0.0,0.0,0.0,1.1746240208961072,0.8179535862933982,2.4739999771118164,1.251154933369558,71.6858971990474,0.7383664886318961,0.7383664886318961,1,1,0,False
000260,192,24,66.4244696998172,-4.768800625059601,0.8615000247955322,0.0,0.0,0.0,1.3884225678972422,0.3814186767291098,2.3610000610351562,1.4728082772448146,84.38569831806151,0.5133385917881523,0.5133385917881523,1,1,0,False
000260,193,27,40.228366852263655,9.575297737407713,-0.3934999704360962,0.0,0.0,0.0,3.7139731176511868,0.5247106332277611,1.4609999656677246,-1.2699495104447456,-72.76274714318897,0.524952333772621,0.524952333772621,1,1,0,False
000260,194,29,52.14008721079711,-30.762548317778265,-0.6734999865293503,0.0,0.0,0.0,2.2670128155701024,1.9616105771957169,2.1469999849796295,-1.4982292258913414,-85.8422113867263,0.7003783504536947,0.7003783504536947,1,1,0,False
000260,195,32,43.077225182544794,-39.58188828284759,-0.9715000092983246,0.0,0.0,0.0,1.7545972170382664,1.1401488675852107,2.175000011920929,0.4879687743681409,27.958551305466017,0.5425181989876589,0.5425181989876589,1,1,0,False
000260,196,36,28.368208489483553,29.924388692677713,-0.9670000299811363,0.0,0.0,0.0,3.3892088629158783,2.327219510675448,1.6960000544786453,-0.13866991588670077,-7.945200925742079,0.9624999999999999,0.9624999999999999,1,1,0,False
000260,197,42,15.339332402128491,-39.439614179075555,-1.7850000262260437,0.0,0.0,0.0,2.180507716478024,1.1093424094120976,1.277999997138977,-0.03401200882466451,-1.9487445584149878,0.6002732021525656,0.6002732021525656,1,1,0,False
000260,198,49,22.129128568242006,-2.657404153406296,-1.0709999799728394,0.0,0.0,0.0,2.7694335382453854,1.242772354411171,0.7300000190734863,0.005166105321235417,0.29599603142686576,0.5531249355984218,0.5531249355984218,1,1,0,False
000261,139,5,13.815160702247036,25.576157858606003,-0.14550000429153442,0.4551966058398861,-0.5954435697725173,0.7495044994872221,1.0853791218012177,0.834048911131783,2.652999997138977,-0.8340260071511485,-47.786170213908626,0.581277547553306,0.5325110190213224,6,3,0,True
000261,95,9,1.09124849535324,-23.620809071583388,-0.5075000524520874,-0.5217711072431815,1.3222676445958688,1.4214910524863962,5.536975124894853,2.775926899153764,3.187000036239624,-1.2604235264018693,-72.2169484618232,1.0,0.7428571428571429,7,4,0,True
000261,168,1,38.338672155028064,19.373542387617114,0.3644999861717224,0.4483686624891973,-0.08979179111133799,0.45727127971624665,1.5171809209982188,0.4606124907521174,2.590999960899353,-0.5167383724430747,-29.606927853447424,0.537677915599657,0.6150711662398628,3,2,0,False
000261,104,17,41.965318395413796,-10.309314757424424,0.6365000009536743,0.0878215996684954,0.0960484833891423,0.13014585867282838,3.0678925681679132,2.3606004542592984,2.0989999771118164,0.5017871228635461,28.750284354093687,0.7749999999999999,0.6528571428571428,7,4,0,True
000261,19,27,1.4929609022959565,-9.919042777809308,-0.29749999940395355,-0.3961399728414619,1.2043533277634726,1.2678303578072994,2.99521071764761,1.968996555708915,1.5369999706745148,-0.01729358087237422,-0.9908491966552112,0.9510758151960645,0.6531575988056986,11,5,0,True
000261,188,36,22.407128582522116,30.261930708122346,0.22600001096725464,-0.2885609032458696,-0.5208783864797574,0.5954676216082849,2.591661150844632,1.505830768460564,1.0920000076293945,-0.8225187756372289,-47.12685441428109,0.5372773769592986,0.8149109507837194,2,2,0,False
000261,171,30,19.494690413226547,31.915420224598826,0.24299997091293335,0.5983272349624437,0.3885284479758345,0.7134072013824321,2.040060024482009,1.2033201121297137,1.6699999570846558,-0.9153081468762335,-52.443293769948646,0.5308265245754317,0.6123306098301726,3,2,0,False
000261,150,24,49.309499753415416,24.047439417843094,0.554999977350235,-0.20337477569796183,-0.6883250227796971,0.7177413436432841,0.7703694284014319,0.440647418948572,3.009999930858612,-1.080432229192388,-61.90420678263509,0.46827964150529544,0.4273118566021182,5,2,0,False
000261,103,22,39.04870087137113,-1.0862970488695924,0.10500001907348633,-0.8473328302155936,1.656130359314011,1.860306612417083,4.549156834110221,1.4103794234812448,2.815999984741211,1.4515979413504692,83.17043558926069,1.0,0.7428571428571429,7,4,0,True
000261,199,0,54.2505970761566,24.571228948710395,0.8199999630451202,0.0,0.0,0.0,3.7648805139127903,2.6763098997190538,2.875999867916107,-0.6743280154990955,-38.63614929553054,0.8912499999999999,0.8912499999999999,1,1,0,False
000261,200,6,14.078713306564653,37.47211256145406,0.6040000170469284,0.0,0.0,0.0,2.603376413216841,0.8891664984770646,1.9460000097751617,1.2221047966466712,70.02144697054798,0.5225778184484561,0.5225778184484561,1,1,0,False
000261,201,13,8.848193212310184,-4.432761644844376,-0.2815000116825104,0.0,0.0,0.0,5.539780901751652,2.461920560346316,1.6309999823570251,0.18024143765348538,10.327073670915073,1.0,1.0,1,1,0,False
000261,202,18,47.881020721324326,-10.23419861673959,0.8379999697208405,0.0,0.0,0.0,1.1433390112631945,1.1345172059774802,2.0359999537467957,-0.8112143015973154,-46.47915576217885,0.49526620768649215,0.49526620768649215,1,1,0,False
000261,203,23,60.69602036322824,22.952281918042207,1.2610000260174274,0.0,0.0,0.0,1.2823876952498914,1.3114714087389343,2.312000058591366,-1.0091219538540488,-57.81842896983241,0.5235559318292674,0.5235559318292674,1,1,0,False
000261,204,25,21.486715937580026,34.8521310645352,0.3385000228881836,0.0,0.0,0.0,4.791200108254272,2.8745319622557908,2.384999990463257,0.004522336018706077,0.2591107674118539,0.96625,0.96625,1,1,0,False
000261,205,32,13.407241116545123,34.828252651253386,0.1290000081062317,0.0,0.0,0.0,1.8207351060990242,0.7112071079298063,1.846000075340271,-1.4211212099817931,-81.42424750848159,0.513590365907097,0.513590365907097,1,1,0,False
000261,206,34,51.118130026519346,-10.458536425415497,0.702500008046627,0.0,0.0,0.0,2.117090827152313,1.090871606257573,1.8250000029802322,-0.30306127334473404,-17.364131896513854,0.5252465091973143,0.5252465091973143,1,1,0,False
000261,207,38,13.746019814303938,29.108971338894502,-0.06399998068809509,0.0,0.0,0.0,1.7298100976207564,1.1525848055000938,1.171999990940094,-1.3241517199870947,-75.8683049902493,0.4939446384076842,0.4939446384076842,1,1,0,False
000261,208,39,12.470774575890063,27.184456178855346,-0.6655000150203705,0.0,0.0,0.0,4.450752705849913,2.5252462796858453,1.9310000538825989,0.1707185527399829,9.781452556582577,1.0,1.0,1,1,0,False
000261,209,40,16.975606351667118,34.03354564182358,-0.601999968290329,0.0,0.0,0.0,2.072564364885414,1.3238994544576177,1.85999995470047,0.7946391267182351,45.529468196916284,0.5550598697204051,0.5550598697204051,1,1,0,False
000261,210,43,12.021154053587562,31.939400932070967,-0.7910000048577785,0.0,0.0,0.0,1.4032518161770247,0.7889067308109454,1.4540000036358833,-1.5533513443777258,-89.00047613381619,0.4705771434550523,0.4705771434550523,1,1,0,False
000262,183,28,21.164704169294453,2.842380241800358,-0.6939999833703041,0.009763564621655795,0.2558279701526897,0.2560142134854367,4.0510972990080765,1.554897438690269,1.227999970316887,-0.33375186414053615,-19.122573219876365,0.8951703655459214,0.6580681462183686,4,2,0,False
000262,198,30,21.294833452505976,-2.7364202398729507,-0.7260000109672546,-0.29200329050761037,-0.027655630263329064,0.2933099990667449,2.3664162057050353,1.4863768983286882,1.2580000162124634,0.05444257972855003,3.119330044250408,0.5699978687175611,0.6279991474870243,3,2,0,False
000262,20,39,2.567268289541056,-2.045681775194195,-0.7880000025033951,-0.2927712578365419,1.487860296290568,1.516391529484733,4.452027974892984,2.539977674445532,1.2759999930858612,0.1866326325209753,10.693262162867919,1.0,0.65,12,5,0,True
000262,201,37,8.028541126467445,-2.5181556971933667,-0.8440000116825104,-0.28687823004495855,0.6701120816778533,0.7289371172360165,3.7634447329985994,1.818234596190633,1.3540000319480896,0.26839361573527143,15.377821429887055,0.9544197638283092,0.9817679055313236,2,2,0,False
000262,167,2,42.18791614716276,17.158255500775784,1.2350000143051147,0.45675469535058427,-0.5681962280378767,0.7290211281446347,7.864098605756105,0.3373799929947127,1.1779999732971191,0.01972840313160206,1.1303542359734746,0.6758409533076739,0.5703363813230695,4,2,0,False
000262,106,36,25.171490555515813,-9.098550690178206,-0.6739999949932098,0.2990773294898952,1.0659042809422785,1.1070678322243326,3.1375281886295987,1.0334963196927278,0.36799997091293335,1.5307797298474426,87.7072178844348,0.4636380912880958,0.4854552365152383,8,4,0,True
000262,178,16,55.85646177456597,-8.075707914665339,0.41350002586841583,0.25611166482675324,0.7233083880780303,0.7673123282760219,2.3792996400897337,0.5737872561558913,1.3130000531673431,-1.4576529437336603,-83.51736167075919,0.526125386363653,0.5104501545454612,4,2,0,False
000262,157,8,36.097723527536566,-10.667128096949885,0.3895000219345093,0.6311185326646672,-0.5420440171846828,0.8319388912886038,5.213120760763623,3.6540266439008624,2.319000005722046,1.2565268714317186,71.99368657781488,1.0,0.64,5,2,0,False
000262,77,29,22.241867415401103,-6.096953209054914,-0.5570000037550926,0.11771550969756397,0.2312779001823635,0.2595118655016001,3.1132421429468016,0.7393996036726602,0.8480000048875809,0.1700409435472163,9.742628409677783,0.5550339442812451,0.5553469110458313,9,5,0,True
000262,191,34,13.984912441992089,-2.2886794689299843,-0.7779999934136868,0.47656887592920655,0.7749860595227893,0.9097918915659162,4.14353966519402,1.5473846449311144,1.3719999864697456,0.21435524198765074,12.281650682397842,0.9466130539661055,0.7786452215864421,3,2,0,False
000262,202,9,45.4643934432962,-8.703736685192606,0.6960000097751617,-0.8458195473098431,0.5356616760414444,1.0011713828266153,6.661300768052957,0.7548215672226123,2.3540000319480896,0.06784323129505718,3.8871308217366427,0.8510188704244132,0.9404075481697652,2,2,0,False
000262,148,31,29.257263159387776,-2.0498654831102012,-0.7269999906420708,-0.004427272038869057,-0.6240044472676863,0.624020152677425,1.714374254468866,1.0324042594276013,1.0499999672174454,0.6881530231618765,39.42826388634391,0.5122237264778712,0.5048894905911485,6,3,0,True
000262,211,1,32.31984158428971,10.516211009702587,-0.015999972820281982,0.0,0.0,0.0,6.931719930968287,3.9752782121500814,2.962000012397766,1.4564497776817749,83.44842533393275,1.0,1.0,1,1,0,False
000262,212,7,22.17236656865634,-7.859624497870006,0.5200000181794167,0.0,0.0,0.0,3.3115176782650186,1.8457237661265675,0.9820000380277634,-0.029342235272151355,-1.681186242574171,0.6825354744883383,0.6825354744883383,1,1,0,False
000262,213,10,45.42059663737138,-2.3949145415036512,0.38750001788139343,0.0,0.0,0.0,2.199038057734337,1.189470034312517,2.74700003862381,1.558479439195646,89.29429432382592,0.8110050030812062,0.8110050030812062,1,1,0,False
000262,214,11,19.234839315090557,-6.0779498961921306,0.07400000095367432,0.0,0.0,0.0,1.9173340229041957,0.5087346266690227,1.6019999980926514,-0.25930755462160765,-14.857228475676184,0.4922935593317233,0.4922935593317233,1,1,0,False
000262,215,18,34.70758721139437,14.074959421158237,-0.19450002908706665,0.0,0.0,0.0,2.5082343193044094,1.5056670321997188,2.5570000410079956,-1.4520678236958104,-83.19735786451645,0.8409446451689409,0.8409446451689409,1,1,0,False
000262,216,19,52.6312425010545,-6.173638915366525,0.3994999974966049,0.0,0.0,0.0,1.522964182435304,0.7393510686199412,1.2209999859333038,1.4678709194117534,84.10280855228126,0.4816642054695962,0.4816642054695962,1,1,0,False
000262,217,23,1.5892110430755986,-13.948714667520335,-0.3450000286102295,0.0,0.0,0.0,1.719680712881007,1.4039453888144753,1.5520000457763672,-0.27245195798391614,-15.610347312554028,0.547450873118527,0.547450873118527,1,1,0,False
000263,191,1,14.250877667392823,-0.8985115441087843,-0.546500027179718,0.40285759824424117,0.990299712377233,1.069106058722683,5.253977388159106,3.5043070011193165,2.541000008583069,1.3911737040243966,79.70838181017987,1.0,0.85,4,3,0,True
000263,117,19,13.264698889115182,1.552554079338456,-0.5424999864771962,1.0721358766687616,-0.46556277410703106,1.168855865654328,1.138647569400448,1.0118826757628312,1.1229999717324972,1.0607944739874682,60.77904629028212,0.694064926331125,0.5442926371991167,9,4,0,True
000263,217,6,2.5344992036797733,-12.561305101655408,-0.06549999117851257,0.33085085621146115,0.4855933480527242,0.587591004635802,1.8047232490057703,1.1706526732930365,1.4150000214576721,0.5478567553633519,31.38987986005129,0.6698246056862922,0.8679298422745169,2,2,0,False
000263,96,7,20.9919783036429,-20.974287848794766,0.04500001668930054,0.721311713682715,-0.6374596043386183,0.9626241922263551,2.2117347689035265,0.25703993027561206,2.3839999437332153,0.07008776814212091,4.015733310034995,0.6238385643914762,0.5162020924232571,9,4,0,True
000263,111,9,18.630862298562125,-16.0563928293858,-0.078000009059906,1.0148223477850447,0.7053623617105679,1.2358804387487732,2.427075815621575,0.6046197033122123,2.27400004863739,1.307349035591909,74.90558208991483,0.6943666540667793,0.5444133282933784,9,4,0,True
000263,218,4,1.2202667206371922,7.88506020943654,0.10900001227855682,0.0,0.0,0.0,6.220650647723416,1.581320619902428,0.9180000126361847,1.2921499563926355,74.03473899931139,0.9505037020900223,0.9505037020900223,1,1,0,False
000263,219,13,4.942927150194321,8.654823643179835,-0.4320000112056732,0.0,0.0,0.0,1.9432134896838809,1.4126452181762714,1.5600000023841858,0.5280876345936992,30.257192675265777,0.871371852455616,0.871371852455616,1,1,0,False
000263,220,14,2.9995402574361405,6.326760586357011,-0.48750001192092896,0.0,0.0,0.0,0.5567033798900219,0.3393758279681778,1.531000018119812,0.5270028699020107,30.195040236667214,0.4785709065155444,0.4785709065155444,1,1,0,False
000263,221,15,14.693980214107597,12.956714956713682,0.014999985694885254,0.0,0.0,0.0,3.8017079034063617,2.232478323784566,1.75,-1.4892463133800846,-85.32752841209603,1.0,1.0,1,1,0,False
000263,222,16,8.297102203136586,-8.332254491870165,-0.31199999153614044,0.0,0.0,0.0,1.2191997903901113,0.670390856162317,1.1099999845027924,-0.6585270172296812,-37.73081878259958,0.5151207970281738,0.5151207970281738,1,1,0,False
000263,223,17,11.120388244160395,0.6878891472244221,-0.4820000007748604,0.0,0.0,0.0,0.6002657532879554,0.4036171706152026,1.3419999927282333,1.2946715341506487,74.1792147625596,0.49041894150689297,0.49041894150689297,1,1,0,False
000263,224,24,11.167729059820463,4.108599555412451,-0.7704999893903732,0.0,0.0,0.0,2.35510499540242,2.0996668944086396,0.68299999833107,-1.283377040300553,-73.53208793321265,0.8562898545680052,0.8562898545680052,1,1,0,False
000264,220,40,1.9251218237316619,6.129250031588196,-0.8629999831318855,-0.3760464517965675,-0.0691286941690853,0.38234763013037115,3.5288226832534315,1.7781025679472826,1.2519999593496323,0.6750938953239455,38.68003097710866,0.9309301634323189,0.9723720653729275,2,2,0,False
000264,198,34,22.847550180927865,-2.2629575330326572,-0.7249999940395355,0.3536487161177141,0.1477357877229388,0.38326658788084406,2.137529161051262,1.7560321575907865,0.9120000004768372,0.8390547293442476,48.074294771916975,0.6508042631876606,0.6203217052750643,5,3,0,True
000264,224,37,11.605102944517302,6.024587469457456,-0.7180000096559525,0.15308085964389376,0.6705957699157519,0.6878462300676028,3.386015530995536,1.8682817231240447,0.9780000150203705,1.1858730643808546,67.94552162726872,0.9031143057552573,0.9612457223021029,2,2,0,False
000264,221,33,14.061510631985438,14.960922626749111,-0.7364999800920486,-0.2213643537427556,0.7014726845124001,0.7355719572040393,3.616963615354062,1.409638696486524,1.0149999558925629,-0.1603682903676268,-9.188426205793508,0.8862515138206665,0.9545006055282665,2,2,0,False
000264,201,41,5.646234661068424,-2.5135732595301454,-0.8034999743103981,-1.0202781124188804,0.43717670627273214,1.109995900527794,3.4458267296515777,1.716427728169522,1.2989999502897263,0.3645662943424414,20.888110018545994,0.9280491917042816,0.8212196766817126,4,3,0,True
000264,148,18,31.57083165799059,-2.9938523470047564,0.23899999260902405,0.8068712476857194,-0.7359982930870904,1.092123938831587,2.889708422739444,1.847017565979195,2.137999951839447,1.251144042116449,71.68527317621064,0.9901872900610267,0.6960749160244106,8,4,0,True
000264,223,39,9.617095721593879,2.584748398271054,-0.7495000064373016,-0.5261523828982807,0.6639007378663212,0.8471130501703918,3.3683079168914367,1.5958213949875002,1.1190000176429749,-0.22944049021107266,-13.145971738507141,0.9002478142719837,0.9600991257087935,2,2,0,False
000264,20,45,0.8559022183246559,-2.5286642837447793,-0.8959999978542328,-0.7892794425194922,0.7980653145961649,1.1224394347782671,2.057274040711096,1.5031105219017311,0.9380000233650208,0.3015107999807236,17.275296316508605,0.6045931182224047,0.498980104431819,14,6,0,True
000264,183,30,22.149629293161897,0.4705253492822684,-0.7094999998807907,0.35107011035768193,-0.663861031782083,0.7509738290415497,1.6817617343274396,1.1523539088519001,0.9030000269412994,1.5280504521610998,87.55084179188812,0.5779166707302592,0.5311666682921037,6,3,0,True
000264,225,0,39.342951668404936,6.53881638926463,0.3644999861717224,0.0,0.0,0.0,1.1825843969336487,0.5674712804812323,2.402999997138977,1.394394274247809,79.89290689160691,0.530626861382303,0.530626861382303,1,1,0,False
000264,226,1,29.168260800777574,6.746142768298478,0.5025000125169754,0.0,0.0,0.0,0.5194334097337261,0.36711094977672404,1.4350000321865082,-1.1209379023853998,-64.22501090293086,0.4595606619120291,0.4595606619120291,1,1,0,False
000264,227,3,61.89437249781891,20.201416532476497,1.0619999766349792,0.0,0.0,0.0,2.2731720438238865,0.7544810241935374,2.7459999322891235,-0.32500155149630494,-18.62121723594196,0.5822428140935543,0.5822428140935543,1,1,0,False
000264,228,4,18.627980744979716,6.563732794338976,0.0990000069141388,0.0,0.0,0.0,0.5111168334864875,0.48807947581999944,1.5760000348091125,1.520790501490321,87.13487725897932,0.5215526308548158,0.5215526308548158,1,1,0,False
000264,229,5,54.105746337325975,20.04862744826817,0.9600000083446503,0.0,0.0,0.0,2.235546921425371,0.5584808704738339,2.428000032901764,-0.05923498535095352,-3.3939146601288943,0.531773046400122,0.531773046400122,1,1,0,False
000264,230,6,51.89389244677607,20.101647675637068,1.2449999898672104,0.0,0.0,0.0,1.6845848375584707,0.8801538655911441,1.7279999554157257,-0.5510932676435105,-31.575318354046644,0.5727015819710204,0.5727015819710204,1,1,0,False
000264,231,7,46.33953467323777,20.093900065544776,0.7115000188350677,0.0,0.0,0.0,1.1779144440887426,0.7656954509556984,2.431000053882599,-0.929885567372456,-53.2785184405697,0.5665429439960348,0.5665429439960348,1,1,0,False
000264,232,9,30.611444916574662,19.55305811520922,0.680499978363514,0.0,0.0,0.0,0.6758581419832981,0.5048022490193347,1.524999961256981,-0.6816949846729818,-39.0582455369972,0.4599215236611823,0.4599215236611823,1,1,0,False
000264,233,15,30.85350586444508,-5.626969481719151,0.14649999141693115,0.0,0.0,0.0,2.0064516151039946,0.46007361600538826,2.263000011444092,0.24204927478567007,13.868401879421228,0.5648168378948268,0.5648168378948268,1,1,0,False
000264,234,16,33.133196808080044,-5.638546659831266,0.24500000476837158,0.0,0.0,0.0,2.4821301746258757,0.5913243514343848,2.2799999713897705,0.027977824592245425,1.6030112690929863,0.6120242718962068,0.6120242718962068,1,1,0,False
000264,235,20,36.984873365838745,-5.444605945679045,0.2395000159740448,0.0,0.0,0.0,1.915379161981781,0.26787670735502966,2.408999979496002,0.12627394041496387,7.234963848263865,0.5243503811740734,0.5243503811740734,1,1,0,False
000264,236,21,67.56194431711029,-1.6992698872690855,1.2455000430345535,0.0,0.0,0.0,1.4144796944705007,0.481525498305862,1.6510001122951508,1.4489416936728963,83.01824380799434,0.46249182416780854,0.46249182416780854,1,1,0,False
000264,237,22,62.800029140571475,-0.26781670406165164,1.2150000482797623,0.0,0.0,0.0,0.9686836412045163,0.4573989345677901,2.2120001018047333,-1.0552501814211714,-60.46138172584756,0.47133469412360973,0.47133469412360973,1,1,0,False
000264,238,27,42.46132400528774,6.155099344147331,-0.27900001406669617,0.0,0.0,0.0,2.040738525571326,1.3369607665298846,0.8360000252723694,-1.5519957024960196,-88.92280357546325,0.4892655314677399,0.4892655314677399,1,1,0,False
000264,239,29,21.935064187659236,6.126684935052714,-0.5860000140964985,0.0,0.0,0.0,2.8176348641926143,1.6111810938478035,0.9260000213980675,1.192074138431298,68.30081699880722,0.6525630139670973,0.6525630139670973,1,1,0,False
000264,240,31,31.0326196275965,2.867293701815085,-0.8869999945163727,0.0,0.0,0.0,2.0249502255702736,1.035524151084212,1.3019999861717224,-1.403110066727958,-80.3922850158313,0.5042524010508035,0.5042524010508035,1,1,0,False
000264,241,32,23.04003944401759,15.024560136170367,-0.6049999892711639,0.0,0.0,0.0,2.3924127960610564,1.33482595115652,0.8299999833106995,-0.2619449388500456,-15.008339460920045,0.5029261222689049,0.5029261222689049,1,1,0,False
000264,242,36,14.50948678412896,6.144153384082149,-0.5174999982118607,0.0,0.0,0.0,2.059275513945332,1.4264871035165196,0.5850000083446503,0.6814744393724121,39.045609222083115,0.4911409175500404,0.4911409175500404,1,1,0,False
000264,243,42,4.8417221532183135,2.383724663855655,-0.8374999985098839,0.0,0.0,0.0,3.794167373002352,1.7875452059799986,1.2230000048875809,-0.23664264059695675,-13.558624559036817,0.9382447753694148,0.9382447753694148,1,1,0,False
000264,244,46,0.812319394482386,2.561352584154762,-0.8799999952316284,0.0,0.0,0.0,1.741052273466897,1.6573560186063603,0.4700000286102295,-0.2834647421741878,-16.241333367344993,0.5676034251783537,0.5676034251783537,1,1,0,False
000265,77,23,23.677614742976836,-5.259727927289127,-0.3710000067949295,0.579026645954923,0.44335948373656164,0.72927326054433,1.0902527937237088,0.5207096995814665,1.3100000321865082,0.16384607654803784,9.387688675979986,0.49364489727355615,0.49745795890942246,12,6,0,True
000265,205,6,13.321614376898887,33.363745994927754,0.27000001072883606,-0.02996935887618237,-0.5125773297139712,0.5134527061065649,3.6760598217168297,2.2610636916873377,2.3579999804496765,-0.18934949502383924,-10.848926917799371,1.0,0.64,5,2,0,False
000265,216,14,51.312760043572204,-5.178929572492398,0.5294999778270721,-0.4614688601188039,0.3481482700059446,0.5780663688258298,1.1615358303504975,0.6416928958970416,2.8369999527931213,0.5236927466034573,30.00538414199218,0.505242598373887,0.5020970393495547,4,2,0,False
000265,171,17,18.43564465070477,31.72005931964588,-0.08199995756149292,0.018246685842966626,0.18416717445076153,0.18506887823032037,5.21985219984157,2.9048598062756312,2.527999997138977,-0.057499762554514396,-3.294493717378044,1.0,0.6571428571428571,7,3,0,True
000265,106,10,26.818581129032342,-9.538190342417286,0.1390000283718109,0.7708819648992169,0.538963904328803,0.9406067690465685,2.794954566202783,2.0443222743164315,2.12200003862381,1.1186325104825088,64.09292167677157,0.9099999999999999,0.6367272727272727,11,5,0,True
000265,233,22,29.48485085245752,-7.93294176982148,-0.35450002551078796,-0.4790292541956459,-0.8070903008358152,0.9385434353712584,1.8874729759448097,1.2490550050057552,1.3130000233650208,-1.353693171951935,-77.5609055085231,0.589091219018381,0.8356364876073524,2,2,0,False
000265,245,2,35.670816316749125,32.61869951821444,0.8384999781847,0.0,0.0,0.0,3.2066071417728006,1.5943731789088627,2.0249999463558197,-0.8628872358030953,-49.439796807227225,0.7025478296762739,0.7025478296762739,1,1,0,False
000265,246,5,27.602662050140236,36.04086387437865,0.8274999856948853,0.0,0.0,0.0,5.917672409871333,2.4749830605397856,1.9609999656677246,-1.1309388148609456,-64.79802097905937,1.0,1.0,1,1,0,False
000265,247,11,55.0382776442654,30.926971474930586,0.8385000228881836,0.0,0.0,0.0,2.5273827214903735,1.9288552771183514,3.0250000953674316,-0.5711966229858804,-32.72715576921621,0.7037499999999999,0.7037499999999999,1,1,0,False
000265,248,13,30.982427476956204,32.21611421987095,0.6504999995231628,0.0,0.0,0.0,2.877572229738772,2.099569260943333,1.6069999933242798,-0.8365795105375444,-47.93247518092147,0.7893158519098564,0.7893158519098564,1,1,0,False
000265,249,18,9.550639176737027,-4.362629752201131,-0.4220000207424164,0.0,0.0,0.0,2.062896441233858,0.7390626699601281,1.5760000348091125,-0.02239022370003267,-1.2828653203656621,0.690046417029409,0.690046417029409,1,1,0,False
000265,250,24,52.00182155639476,29.990279166317652,-0.78549999371171,0.0,0.0,0.0,5.60207109642544,2.7537125414807875,1.800999991595745,-0.14109248234783853,-8.084003759555216,0.80125,0.80125,1,1,0,False
000265,251,25,4.612283196606611,32.73908402104689,-0.9345000255852938,0.0,0.0,0.0,2.527331429429189,2.568400959991359,1.7710000537335873,0.22375757470705573,12.820364664797511,0.8565986063398376,0.8565986063398376,1,1,0,False
000265,252,30,59.37863696687565,-23.34286741941827,-1.9100000262260437,0.0,0.0,0.0,3.609178759502841,0.9866918447264602,1.540000081062317,1.5419443642376833,88.3469043148022,0.6926527841807238,0.6926527841807238,1,1,0,False
000265,253,34,1.5804285988338966,27.05265645334614,-1.342500001192093,0.0,0.0,0.0,4.513357307989022,2.2135255026345684,1.0589999556541443,0.9948078224627999,56.998289653718125,0.9763311086570331,0.9763311086570331,1,1,0,False
000265,254,36,45.27919306217502,-35.53337620054781,-2.3519999980926514,0.0,0.0,0.0,3.0861937490935114,1.2094296890553133,0.7179999351501465,0.5667291438324711,32.47118806866318,0.5371659903101845,0.5371659903101845,1,1,0,False
000265,255,40,18.38342962970551,-24.803568639000765,-2.521499991416931,0.0,0.0,0.0,4.451663593473034,2.0580419445695286,0.9309999942779541,1.3733660451199179,78.68807811194469,0.9421592054760288,0.9421592054760288,1,1,0,False
000266,20,37,0.4951738805429592,-2.816162304512016,-0.6484999880194664,-0.6392865558612638,0.4181181472189744,0.7638783185421515,2.160820906461451,1.2192358974196158,0.8449999839067459,1.3071110121214566,74.89194434963285,0.7058532510001825,0.544841300400073,16,7,0,True
000266,223,26,9.71245201591534,4.484761100710607,-0.7014999880921096,-0.3086243458713714,1.0965399254669521,1.1391438868762809,2.8554636551536303,1.7748430152296026,1.396999976132065,1.043335195756486,59.77870333430221,0.9179999248815753,0.8171999699526301,4,3,0,True
000266,242,28,16.0859958174058,6.001011617815607,-0.7764999866485596,0.5517781616468935,-0.05009961819328992,0.5540479324151826,3.6402910299652715,1.9092330579454975,1.0529999732971191,0.2864326763446624,16.411383469185846,0.8394753746672537,0.7357901498669015,3,2,0,False
000266,191,22,15.0681984460332,-1.6937966039080716,-0.5435000248253345,0.5479197113828889,0.36534504211545094,0.6585537259178242,3.7301847396322483,2.0923962867826424,1.2570000514388084,0.4345309141725136,24.89678745004644,0.9635152741190576,0.7282632525047659,7,4,0,True
000266,211,4,34.49427725156335,11.50957053563738,0.24299997091293335,0.761052483545772,0.34767583407717734,0.8367074568285193,7.998266764284408,0.3823426017368746,2.649999976158142,0.13787252378328785,7.899513723599459,0.9350651159300206,0.6140260463720082,5,2,0,False
000266,216,11,49.301707525495345,-2.7936209090586743,0.5455000102519989,-1.0038231404041231,1.0611544077056672,1.4607222782596154,5.517211693328878,2.886780345987425,2.7170000672340393,1.5689742151938448,89.89560069545792,1.0,0.76,5,3,0,True
000266,249,30,7.869625796571468,-2.2578238126451637,-0.6649999767541885,-0.5883546830579455,0.7366820788445885,0.9427946321267426,3.3012391267443806,1.520792878395566,1.1219999492168427,0.4470137788187869,25.612002910510963,0.8938833635874078,0.9575533454349632,2,2,0,False
000266,237,1,61.1528876403504,1.8915589118320961,1.3429999649524689,-0.5764995250773761,0.7557814655628117,0.9505563245293315,1.6615102181157688,0.5620807507150701,1.887999951839447,-1.5258442141277038,-87.42443366397329,0.47688681084101175,0.5907547243364046,3,2,0,False
000266,219,34,2.7005333410716585,10.44685479493785,-1.0384999811649323,-0.7848378331929319,0.6272109031153055,1.0046710612920497,2.5914644208562847,1.8532616114426599,1.0689999461174011,0.7087662314626882,40.609313724204455,0.8293174152547571,0.6317269661019029,4,2,0,False
000266,256,5,29.308400494246047,12.038908235214345,0.3305000066757202,0.0,0.0,0.0,2.9213311719382435,0.51738888215204,1.9149999618530273,-1.3876815268625848,-79.50829479749609,0.848240900305491,0.848240900305491,1,1,0,False
000266,257,7,4.827684633134476,38.47405433853095,-0.0059999823570251465,0.0,0.0,0.0,2.240743450993943,1.2034925342877625,3.0779999494552612,-0.8610137058651072,-49.3324514489891,0.9158416318734048,0.9158416318734048,1,1,0,False
000266,258,18,40.67345001660834,11.960689304667326,0.24199998378753662,0.0,0.0,0.0,2.0547892793003943,1.4372176769016098,2.2760000228881836,1.268945601679963,72.70522740795074,0.612023942526615,0.612023942526615,1,1,0,False
000266,259,19,26.57555579808922,0.29249853481098376,-0.5529999837744981,0.0,0.0,0.0,2.943810450430499,1.8217977847232816,1.1119999676011503,0.6421220355780043,36.79088257096894,0.7793947707915739,0.7793947707915739,1,1,0,False
000266,260,20,36.03147169065404,1.7814923747996578,-0.5240000076591969,0.0,0.0,0.0,1.6426036858767077,1.0846261712578573,0.8940000161528587,1.4034651809014056,80.41263155921513,0.500296003585562,0.500296003585562,1,1,0,False
000266,261,24,23.174722626904515,10.238801220720605,-0.5010000020265579,0.0,0.0,0.0,2.5256963938594783,0.9858861724238752,0.7380000054836273,0.3612175545289052,20.696241360542942,0.5343776047780718,0.5343776047780718,1,1,0,False
000266,262,25,11.276634263996797,3.409919173143859,-0.6599999759346247,0.0,0.0,0.0,1.7153928355825765,0.6258310571838274,1.2339999489486217,-0.04151086314135833,-2.3783972619450027,0.638329264118805,0.638329264118805,1,1,0,False
000266,263,31,3.0277879179060716,19.076760253500467,-0.9289999902248383,0.0,0.0,0.0,2.599350371301483,1.3467218029453898,0.5539999604225159,-0.0499686949104486,-2.862995326145542,0.4798222211486389,0.4798222211486389,1,1,0,False
000266,264,36,1.2029126827783294,18.218541102688526,-1.4855000376701355,0.0,0.0,0.0,1.2056741764216374,0.8707682238754855,0.4390000104904175,-0.6464307956953715,-37.03775634062837,0.4926814960528236,0.4926814960528236,1,1,0,False
000267,257,17,4.915688574678701,37.49308586331159,0.34699997305870056,0.030801379540478856,-0.34333896632677463,0.34471781326170936,4.780704167555383,1.5884905940630414,2.293999969959259,0.09150906260705188,5.243083074582491,1.0,1.0,2,2,0,False
000267,117,68,14.698854833548141,-0.07943155107739103,-0.6935000233352184,1.1988429003862309,-0.8738107738151166,1.4834990961378585,3.3339587098023697,1.9998884060954367,1.2170000448822975,0.5649716537407152,32.370491303869514,0.9127400502451439,0.5958652508672884,13,5,0,True
000267,253,19,0.5858127428916643,27.856179686435265,0.05900001525878906,-0.3481155495797813,0.2812331315811931,0.4475226364757406,1.2003492721585631,1.1977023698526652,2.190000057220459,0.15808756539864086,9.05775029084051,0.6687246339999665,0.6674898535999866,3,2,0,False
000267,245,8,34.38422911655545,32.35395288169861,0.5099999904632568,-0.45030552006778524,-0.09266132278054079,0.4597403420877464,2.2229265655838444,0.8055049696407245,2.6019999980926514,-0.8915906432516376,-51.084380911673065,0.723901416370984,0.6895605665483936,3,2,0,False
000267,259,69,25.653258020336676,1.4104971676232267,-0.7854999750852585,-0.3228042222133902,0.39129952148428504,0.5072650997186996,1.316013805360034,1.1340942076824574,0.9009999334812164,1.3133980255151096,75.2521636828314,0.48866212758092936,0.7954648510323717,2,2,0,False
000267,148,40,31.955999569284323,-2.003249518090925,0.5224999785423279,0.6592750799485247,-0.1316879003867678,0.6722985454018244,0.503621244970099,0.2759608396968928,1.534999966621399,-1.4612560537397747,-83.72380466723091,0.45105556497992594,0.4531494987192431,11,5,0,True
000267,248,9,31.750165944921545,30.46784645306206,0.4909999668598175,0.2687084637878692,-0.6118937183831128,0.66829496564612,1.125593264366018,0.6068683956967632,2.403999984264374,-1.417455603029424,-81.21422370075703,0.5011190180948724,0.600447607237949,3,2,0,False
000267,255,71,15.947252553980158,-24.771669577105552,-1.290999948978424,-0.8526619765038732,0.011164671663324731,0.8527350679248752,2.6040543697682716,1.647555985520563,1.7039998769760132,-1.1538171687200716,-66.10885409739413,0.6743452315274463,0.6697380926109785,3,2,0,False
000267,250,4,50.900027809078615,32.16649492018278,1.326000064611435,-0.38562781156065035,0.761675513852794,0.8537320407785889,2.443336705913733,1.5793755687313102,1.858000099658966,-0.9379311559789755,-53.7394967114218,0.6082487101509688,0.6432994840603875,3,2,0,False
000267,254,25,46.360808399140005,-38.14046305329328,1.703000009059906,0.37856536793774537,-0.9124803984609137,0.9878928157331788,4.304832097792298,1.943114889694812,1.158000111579895,1.1768644106618535,67.42936379007513,0.7214403341500221,0.6885761336600088,3,2,0,False
000267,216,50,50.5440143289179,0.09175834326097629,0.2369999885559082,-0.21767766006478478,1.6996331033205614,1.7135157570312454,1.7034390038584493,0.6707312642115715,1.4800000190734863,1.5177985606318658,86.9634516752371,0.5244328953451503,0.6097731581380601,6,4,0,True
000267,261,3,26.1361176932895,9.832251330090589,0.05449998378753662,1.0364882732347445,-0.14229246172050558,1.046209866716819,0.8817368397814667,0.575427175778957,2.197000026702881,-1.1869131211940442,-68.00511249311832,0.5485783939070077,0.819431357562803,2,2,0,False
000267,265,0,54.13067919051781,-1.116897664251804,1.4060000479221344,0.0,0.0,0.0,2.6346887395804712,1.5483789702259216,1.3100001215934753,-1.3158891897593978,-75.394896880103,0.5815690181851569,0.5815690181851569,1,1,0,False
000267,266,1,55.855844119262954,1.0756312368713115,1.4329999685287476,0.0,0.0,0.0,2.029449785609773,1.785916595222671,1.3259999752044678,-1.4069729082870215,-80.61360953409338,0.546349858435717,0.546349858435717,1,1,0,False
000267,267,2,49.33487141928608,13.481310957406635,0.5430000126361847,0.0,0.0,0.0,1.1133979506549747,0.7052745617550773,2.821999967098236,-0.9155400412193458,-52.45658033710194,0.5744329834413588,0.5744329834413588,1,1,0,False
000267,268,5,41.41800725942889,31.774573022972913,0.7364999651908875,0.0,0.0,0.0,4.647811970427356,2.8224899029656667,2.534999966621399,-0.43572598753066055,-24.965260109676784,0.9175,0.9175,1,1,0,False
000267,269,7,11.912318732044662,10.096236041031414,-0.2524999976158142,0.0,0.0,0.0,2.7559024008369732,2.051641818819048,1.9390000104904175,-1.514421813794396,-86.76997833296593,0.9077224614355571,0.9077224614355571,1,1,0,False
000267,270,10,37.355734401476,38.75793543297595,1.2145000398159027,0.0,0.0,0.0,2.1854394207745287,1.601014336122989,1.6810000538825989,1.4798848403839238,84.79115551939032,0.5680280740877782,0.5680280740877782,1,1,0,False
000267,271,11,26.409989088185014,30.490899782677406,0.35600000619888306,0.0,0.0,0.0,1.7576390684522791,1.007737376636507,2.4359999895095825,-0.634448297470349,-36.351209764311584,0.8006622861973031,0.8006622861973031,1,1,0,False
000267,272,13,6.463756508902012,25.889219853562125,0.1459999978542328,0.0,0.0,0.0,1.0838657812027015,0.2943423548432083,1.9419999718666077,-0.008175749044158482,-0.46843591458839795,0.45782586004335635,0.45782586004335635,1,1,0,False
000267,273,15,4.155582212988647,28.39287649181019,0.6869999840855598,0.0,0.0,0.0,2.2594184418554057,1.1040896666195141,1.0479999631643295,0.6695814970236554,38.36419381950695,0.5885723548155748,0.5885723548155748,1,1,0,False
000267,274,18,1.3112129735727018,22.838048029661394,-0.0585000216960907,0.0,0.0,0.0,0.7471882961199514,0.3738657981823348,2.0790000557899475,-0.0361215008567856,-2.069609548772002,0.528429413612943,0.528429413612943,1,1,0,False
000267,275,20,0.20752488671971414,-9.360031063327808,0.3075000084936619,0.0,0.0,0.0,1.1519446311720205,0.5433948433969469,0.4750000163912773,-1.367444153059271,-78.34877869013758,0.4487055229529615,0.4487055229529615,1,1,0,False
000267,276,22,2.644245219970182,-38.80139916049726,-0.10750001668930054,0.0,0.0,0.0,3.3557551780551558,2.4252126340150224,3.347000002861023,-0.12565145161647542,-7.199297867316307,1.0,1.0,1,1,0,False
000267,277,23,17.73403130595558,-29.546980735784793,-0.12699997425079346,0.0,0.0,0.0,5.702650683573345,3.10108333206131,2.9800000190734863,1.261045490813307,72.25258439760593,1.0,1.0,1,1,0,False
000267,278,24,30.168608165995554,-39.25772817872735,1.6089999675750732,0.0,0.0,0.0,2.055504610004279,1.422327455476445,0.5820000171661377,0.26430146007925076,15.143358181686482,0.4946089270606235,0.4946089270606235,1,1,0,False
000267,279,27,38.62741170216938,-21.846121303706735,1.4735000133514404,0.0,0.0,0.0,5.08616475685423,0.41555608151104295,0.562999963760376,-1.4810879603120932,-84.86008921352251,0.5348324872234812,0.5348324872234812,1,1,0,False
000267,280,28,36.12362981857893,-17.66298082176585,1.1980000138282776,0.0,0.0,0.0,1.2756851349178084,0.9998580424703062,0.7480000257492065,0.14627215748643782,8.380777284245795,0.46340128426858573,0.46340128426858573,1,1,0,False
000267,281,31,57.85681254765508,-20.059479547052685,1.7209999561309814,0.0,0.0,0.0,2.135997424693035,1.312338699646082,1.191999912261963,-1.1522069582864862,-66.01659583542175,0.5144392839452938,0.5144392839452938,1,1,0,False
000267,282,32,42.82947198817592,-11.266803641742554,1.3064999878406525,0.0,0.0,0.0,5.187534838785163,1.6805346372992074,0.8809999823570251,-1.4307351033457256,-81.97508302292374,0.751756830324869,0.751756830324869,1,1,0,False
000267,283,41,33.71664606370928,-2.045850453148825,0.33500003814697266,0.0,0.0,0.0,1.1758378036949069,0.7122709526782813,2.0160000324249268,-1.1894633682978843,-68.15123088888382,0.5093905082370718,0.5093905082370718,1,1,0,False
000267,284,46,36.86848639143376,37.30326873811017,0.7145000398159027,0.0,0.0,0.0,3.40159989148374,1.1528582483890002,2.5070000290870667,-1.2925641139569752,-74.05846847980146,0.6601059547175909,0.6601059547175909,1,1,0,False
000267,285,47,31.68792415822535,34.32557818316497,0.2459999918937683,0.0,0.0,0.0,1.6798189270845885,1.617441236569908,2.0640000104904175,-0.5921427414082057,-33.927279951996674,0.6797150895257633,0.6797150895257633,1,1,0,False
000267,286,48,1.1054601776029758,32.07047437487569,0.2175000011920929,0.0,0.0,0.0,1.1590005518579627,0.5891992620015191,2.1149999499320984,1.4607479568590345,83.69469286038073,0.4753215994411044,0.4753215994411044,1,1,0,False
000267,287,49,14.270084307862524,-7.380295558396082,-0.4424999952316284,0.0,0.0,0.0,7.728644138681309,1.07616839529286,1.996999979019165,1.555504132980343,89.12382183493001,1.0,1.0,1,1,0,False
000267,288,51,44.12996577414066,33.202983836095335,0.627499982714653,0.0,0.0,0.0,3.0681313397319316,2.4300352885457537,1.7029999792575836,0.3285782661242534,18.82614788864611,0.68875,0.68875,1,1,0,False
000267,289,52,38.589426004490306,38.88964946157824,0.5909999720752239,0.0,0.0,0.0,2.4522070333098833,1.7547662813794642,0.9379999414086342,0.6739997295919854,38.6173398985795,0.5372710141906218,0.5372710141906218,1,1,0,False
000267,290,58,36.05713483959231,24.34397743433473,-0.13199999928474426,0.0,0.0,0.0,2.880858279305983,1.4479564300358627,1.5459999442100525,-0.24302687957879307,-13.924414508098936,0.7987319684332317,0.7987319684332317,1,1,0,False
000267,291,60,0.7016925310865579,37.54205733832635,-0.22850000858306885,0.0,0.0,0.0,1.2855310406061742,0.4487140955986088,1.1069999933242798,-0.13053159237618941,-7.478909336277686,0.49189262225852404,0.49189262225852404,1,1,0,False
000267,292,61,39.59703774396778,-32.982688605313484,0.39750002324581146,0.0,0.0,0.0,2.174625077890091,0.39098978411667984,1.20700004696846,-1.560270623201936,-89.39692160771767,0.4683543210158359,0.4683543210158359,1,1,0,False
000267,293,65,20.446958636411498,-39.647886400463335,-0.70899997651577,0.0,0.0,0.0,1.6036975588698792,0.9313498628541739,2.1159999668598175,0.6028010789238113,34.53795770826683,0.5339244159950548,0.5339244159950548,1,1,0,False
000267,294,66,18.170714118301934,-19.91510477884187,-0.7434999813558534,0.0,0.0,0.0,2.1760190541680346,1.6366966298330707,1.4909999629016966,-0.015832340611809388,-0.9071262968702496,0.8247528516502898,0.8247528516502898,1,1,0,False
000267,295,72,6.274933467318079,28.726925658225642,-1.0370000004768372,0.0,0.0,0.0,3.345854811243102,1.7700758902478388,1.2020000219345093,0.49939617563567074,28.613293168897926,0.6261457547358997,0.6261457547358997,1,1,0,False
000268,269,24,11.928340956092258,10.977371361788128,-0.7189999939873815,0.005607778416658604,0.30839736226484993,0.3084483428885417,4.031857883722126,1.9925322344166938,1.3879999872297049,-0.1387923359319158,-7.952215077660702,0.9858441022149734,0.9943376408859894,2,2,0,False
000268,261,22,26.82822120327849,10.924080649292145,-0.7284999936819077,0.9159536060987301,0.28965016160221607,0.960660306581602,4.156468030848416,1.5780134268324078,1.0629999935626984,-0.1977649926025602,-11.331099411562645,0.7587029491231965,0.9034811796492785,3,3,0,True
000268,247,15,54.11761189457036,31.825359303791505,0.25599998235702515,-0.32223301239326396,0.31443574010132164,0.4502265528921004,6.123551987032025,2.865954883393745,1.8700000047683716,-0.6979616769728798,-39.99025835241931,1.0,0.7,4,2,0,False
000268,294,28,17.691090764832317,-18.665558845005943,-2.1764999628067017,-0.16786817371436571,0.43734107684257384,0.4684516423709266,2.0415828370904663,1.3854117645420572,1.6089999675750732,0.49514409298741163,28.36966677901187,0.7895991402247176,0.915839656089887,2,2,0,False
000268,271,1,25.01683028570365,31.287470232635226,0.7294999808073044,-0.48760558086847694,0.2787996574852368,0.5616835866464055,0.5963837216765479,0.6168015372924611,1.6769999563694,-0.5501358258991786,-31.52046098296678,0.4577814183103867,0.7831125673241547,2,2,0,False
000268,249,27,8.269860935504642,-0.1542088349264426,-0.6215000096708536,-0.24234824536105376,1.2151085934505348,1.2390405828329105,1.8633237544097132,1.0995233214069757,1.2170000188052654,1.4842913144681658,85.04362788695116,0.6990558433531652,0.729622337341266,4,3,0,True
000268,296,0,53.4344634688381,24.32717942846033,0.7995000183582306,0.0,0.0,0.0,3.527043857713112,2.413536022469155,2.827000081539154,-1.2879137211526872,-73.79202059903776,0.94,0.94,1,1,0,False
000268,297,3,14.75375591646046,-39.51696623838443,-0.1380000114440918,0.0,0.0,0.0,3.7320509007726343,1.107204749894788,3.5899999141693115,-0.04753006395733022,-2.7232720647418933,1.0,1.0,1,1,0,False
000268,298,8,62.08966483325011,-8.691828595942978,1.0209999680519104,0.0,0.0,0.0,1.9078457577862307,1.4541648077266094,2.6179999113082886,-1.5525347418133375,-88.95368825333718,0.6210529194604137,0.6210529194604137,1,1,0,False
000268,299,9,40.29407772313127,-2.583539930316857,0.6029999852180481,0.0,0.0,0.0,0.7983883452704901,0.6076248345128636,1.9299999475479126,1.0393101427123375,59.54808478255621,0.4931047117644389,0.4931047117644389,1,1,0,False
000268,300,14,54.39062010074873,27.82370647639831,0.4285000115633011,0.0,0.0,0.0,1.6544637978524595,1.8639339775575006,1.4150000512599945,0.4707068330882716,26.96951492392685,0.5164765521637736,0.5164765521637736,1,1,0,False
000268,301,17,25.865970946305683,17.22020644408298,-0.5219999849796295,0.0,0.0,0.0,1.9017674806601779,0.5163148557388049,1.6539999842643738,0.05424464720959006,3.1079893462856085,0.5083180075293551,0.5083180075293551,1,1,0,False
000268,302,29,22.391058930585864,-18.13833696811974,-2.2299999594688416,0.0,0.0,0.0,6.292567658525153,2.385040456605493,1.21999990940094,0.722181463731602,41.37794991440092,1.0,1.0,1,1,0,False
000269,296,3,52.923105939601164,23.738960381030004,1.6274999976158142,-0.17897513523292863,-0.20587666660061377,0.27279534615206574,1.8279812619950597,0.9181663066095864,1.0870000123977661,-1.0168713623557277,-58.26243737070141,0.4816568470770529,0.7926627388308212,2,2,0,False
000269,248,4,31.223836581196718,29.588721064369818,0.7794999927282333,-0.009554775841574353,-0.7054248029913077,0.7054895083675646,2.8556165678504195,1.8911910657695834,1.8229999840259552,-0.3916032466798074,-22.43721327837343,0.7803356927808144,0.6721342771123258,5,3,0,True
000269,255,11,15.318475101624808,-26.08254231252739,0.1809999942779541,-0.7743023930518904,-0.4515484208164825,0.8963482427202852,3.565402334136661,1.8500899235338606,2.2179999351501465,-1.1942985800538757,-68.42826811555416,0.8687499999999999,0.7075,5,3,0,True
000269,276,8,1.0942607271495917,-38.778868458421925,0.382999986410141,-0.5424945724872066,0.007885745726367688,0.5425518833841957,4.217968260862926,2.410847314366122,2.3339999318122864,-0.7137509930464994,-40.89491952483578,0.90625,0.7625,3,2,0,False
000269,263,28,3.1080626830149827,17.30280412910726,-0.5380000025033951,0.028096167788118874,-0.620884643537623,0.6215200199713757,7.195832057396764,1.3555998089040053,1.8419999778270721,0.5094962415515579,29.191984318682195,1.0,0.7,4,2,0,False
000269,269,33,11.909582906322466,9.40630040967543,-0.16050000488758087,-0.0029202614485990706,-0.34941654776729203,0.34942875064960016,1.4953573730187106,1.48197077229471,0.8269999921321869,0.28016105043690587,16.052045773986496,0.5230449128198209,0.8092179651279283,3,3,0,True
000269,223,27,9.09118257280375,7.666893328799127,-0.7524999976158142,-0.4180501299054479,1.826497231384501,1.8737283814281112,4.091185165398597,1.9864867320942077,2.1890000104904175,0.654967546511522,37.526876133148654,1.0,0.7428571428571429,7,4,0,True
000269,285,31,31.633986982641265,32.07926007235572,-0.4495000094175339,-0.018878011454429886,-0.7862113387832369,0.7864379495852188,4.116025028969066,0.5904118640237004,1.5970000326633453,-0.939017970767483,-53.80176661191568,0.8534324940817098,0.7413729976326839,3,2,0,False
000269,211,24,37.69124737141719,12.650212974117933,-0.11700001358985901,1.6136236562535973,0.6252141456183588,1.730512650026726,4.705065761030424,1.1028365940066507,1.456000030040741,-1.0009832793423639,-57.35211726948217,0.9259177630142391,0.5953671052056957,8,3,0,True
000269,273,18,3.5618151290479294,25.888321617933148,0.613999992609024,-0.20781847937925116,-0.8765942058569641,0.9008917371768407,3.6510849403233507,0.34802251034709925,0.6559999585151672,-1.0534696998726283,-60.359367647615116,0.48389254568232676,0.5935570182729306,3,2,0,False
000269,287,14,11.780072829349766,-8.106701361514698,-0.2004999816417694,-0.871504017479465,-0.25424203109151583,0.9078316269311104,4.350647032339092,1.4732865223926292,1.862999975681305,0.498492673651263,28.561526318409665,0.8752727236132888,0.7501090894453155,3,2,0,False
000269,300,16,57.12362336179907,28.88994943242599,1.7935000658035278,0.9565511413676198,0.37318503460968766,1.0267702547835762,3.287624934615919,1.7029900390398822,1.2330000400543213,1.406131063109509,80.56537535841846,0.6150551899362608,0.8460220759745043,2,2,0,False
000269,77,15,23.658181477868773,-1.8845777814554099,0.1340000033378601,0.36956567708287796,1.4694862154705661,1.515245368623753,3.848244622647854,1.8135074174084567,1.7619999647140503,-1.0158876692043386,-58.20607590479089,1.0,0.6625000000000001,16,7,0,True
000269,303,2,38.43746685272152,15.614265721003957,0.6200000047683716,0.0,0.0,0.0,2.662412172993579,1.1667705353255027,2.0,0.677883342741337,38.839854541298855,0.6672974692113618,0.6672974692113618,1,1,0,False
000269,304,10,8.301186372893678,-36.58787169771046,0.3869999647140503,0.0,0.0,0.0,5.538395429256871,3.650567880698336,2.361999988555908,1.108171967477554,63.49357671117257,0.9324999999999999,0.9324999999999999,1,1,0,False
000269,305,13,5.146304986834722,-2.879523350816342,-0.4034999907016754,0.0,0.0,0.0,1.8079493162537095,1.1243956164799511,1.6209999918937683,1.202721616542752,68.91087255705146,0.5249208382858214,0.5249208382858214,1,1,0,False
000269,306,20,27.831974454973366,-0.816430358644541,0.48599998746067286,0.0,0.0,0.0,0.9067783716419482,0.4500564847444726,1.0039999764412642,0.30484641538580753,17.466413001298736,0.46932889804524447,0.46932889804524447,1,1,0,False
000269,307,21,32.87801571757347,23.27595186967727,0.23149999976158142,0.0,0.0,0.0,1.8490904005713804,0.5947852575019841,1.1869999766349792,-0.9117839046411613,-52.24136956389726,0.49175794123550337,0.49175794123550337,1,1,0,False
000269,308,22,7.1047080904682485,-32.67010230687174,0.2199999988079071,0.0,0.0,0.0,3.775676715782043,1.5068646828095766,2.221999943256378,0.056902673774063404,3.2602830502635887,0.73,0.73,1,1,0,False
000269,309,25,42.479971444396995,18.622068296153437,0.23749999701976776,0.0,0.0,0.0,3.559396712404754,0.47800292334787664,1.395000010728836,0.6687434376536814,38.31617655462605,0.5358075975920442,0.5358075975920442,1,1,0,False
000269,310,26,31.55026629789891,22.28018954501986,-0.3450000286102295,0.0,0.0,0.0,1.8925001246316953,1.3688975577589364,1.8980000019073486,-1.541316719952971,-88.31094294625268,0.5782005407468476,0.5782005407468476,1,1,0,False
000269,311,32,12.485895613388621,-20.3264020555045,-0.20500001311302185,0.0,0.0,0.0,3.512769145486936,0.35206278588447243,1.5580000281333923,-1.1163396879269785,-63.961552621167286,0.5208633743165901,0.5208633743165901,1,1,0,False
000269,312,34,10.582720449966578,-37.670477795193534,-0.46400000527501106,0.0,0.0,0.0,2.761748431409277,1.8690594348403484,0.7280000075697899,0.7760172752720056,44.462514702327745,0.5251307137947947,0.5251307137947947,1,1,0,False
000269,313,36,39.19750723451557,20.167974215221065,-0.8044999837875366,0.0,0.0,0.0,1.3772304688658257,0.8874107835303415,0.7829999923706055,-1.0906936863013836,-62.49214496663505,0.45969930750628213,0.45969930750628213,1,1,0,False
000269,314,38,24.52977118856963,10.20757325776051,-0.8155000060796738,0.0,0.0,0.0,1.305815355970291,0.796863683822112,0.9310000240802765,-1.0571777471930521,-60.5718231093102,0.4748959739732553,0.4748959739732553,1,1,0,False
000269,315,42,19.453547812709147,9.185189994934975,-1.1130000203847885,0.0,0.0,0.0,6.479103697450626,3.259252738834225,1.5620000660419464,-1.4571290368426786,-83.48734401704812,1.0,1.0,1,1,0,False
000269,316,50,1.0074597692744867,-15.466131590566759,-1.209500014781952,0.0,0.0,0.0,6.597039474811799,2.2914998383631344,1.0630000829696655,-1.4993795208015286,-85.90811843027541,0.9849999999999999,0.9849999999999999,1,1,0,False
