frame_id,frame_index,track_id,detection_id,center_x,center_y,center_z,velocity_x,velocity_y,speed_m_per_frame,length,width,height,yaw_rad,yaw_deg,score,num_points,age,hits,missed,tracklet_length,stable,final_tracklet_length
000250,0,1,1,45.9383030397982,6.246304295751378,0.02499997615814209,0.0,0.0,0.0,3.877491621321334,2.9592115953791867,3.5980000495910645,0.5596522168167269,32.06571001873893,0.9942857142857143,138,1,1,0,1,False,3
000253,3,1,1,45.31602472302786,9.628470021276112,0.6800000220537186,-0.09334174751555117,0.5073248588287099,0.5158402797521994,2.1755770788719446,1.7313839350126963,2.2440000474452972,1.279137799263378,73.28919731344385,0.6949574841384346,58,6,2,0,2,False,3
000254,4,1,0,45.993582637650725,10.515928483614081,0.6790000200271606,0.25356310044673674,0.6783849804078766,0.7242240175188593,2.3017684247453416,0.9751381407546953,2.302000045776367,-0.021821067692539553,-1.2502550832517902,0.6298685983604362,46,7,3,0,3,False,3
000250,0,2,2,63.282559693163144,21.71369559329971,0.8824999630451202,0.0,0.0,0.0,3.0458073662805765,2.0244495275778824,3.2309998869895935,-0.9522544900634918,-54.56016330302047,0.8,70,1,1,0,1,False,1
000250,0,3,3,39.97008032157373,16.688234747074695,1.022499993443489,0.0,0.0,0.0,3.6833304840751815,1.4430451968259552,1.3630000054836273,-1.0927241790387414,-62.608483630817624,0.7693470196824741,88,1,1,0,1,False,1
000250,0,4,4,31.901526873347798,14.76841083064073,0.10850000381469727,0.0,0.0,0.0,2.872064987784597,1.7252492322255288,2.6089999675750732,0.925137557190047,53.00647749603252,0.7083397415469508,48,1,1,0,1,False,2
000251,1,4,28,28.030878049888383,16.262211236131936,0.03399999439716339,-1.7417919705567368,0.6722101824710424,1.867004498685976,1.753805140294785,0.8019679251228421,1.0099999606609344,-1.1259414035133295,-64.51169040035018,0.549032039171749,30,2,2,0,2,False,2
000250,0,5,5,21.902833481218305,10.926761519213157,-0.171999990940094,0.0,0.0,0.0,3.80633554351364,1.0135866134611595,2.4380000829696655,0.3994329751288494,22.885823673237052,0.7353234326727036,69,1,1,0,1,False,4
000252,2,5,28,20.491419754101866,9.065776156822247,-0.5769999846816063,-0.31756808860119884,-0.4187217065379546,0.5255257923488398,1.931861105451311,0.8194035567614388,1.2119999676942825,-1.1911732133846369,-68.24919779597592,0.6908436828730522,78,4,2,0,2,False,4
000253,3,5,49,20.523317591052255,6.08649018279589,-0.9305000007152557,-0.16030842210298438,-1.5709756269077357,1.5791336898867372,4.45607130814726,1.9243499780435447,1.1550000309944153,-0.21130889672625172,-12.107107955980002,0.942851615331166,164,5,3,0,3,False,4
000254,4,5,42,22.334163349545957,3.4637690727182244,-0.6380000114440918,0.7267109591655244,-2.044261094334204,2.1695880346231067,4.482019539927317,2.0206983467712885,1.6180000305175781,-0.05733391859227011,-3.2849915582837195,0.9873804813079167,155,6,4,0,4,False,4
000250,0,6,7,12.967278571574454,11.358680802700396,0.5965000092983246,0.0,0.0,0.0,2.2922918275786923,0.806929094179033,0.453000009059906,0.7878348781353782,45.139613470360715,0.526426945477106,24,1,1,0,1,False,1
000250,0,7,16,23.02972739428312,-23.106151220936155,0.3670000061392784,0.0,0.0,0.0,2.949536243088124,2.022565680143649,1.2180000096559525,0.6318005760857098,36.199506503645225,0.7524057612675831,82,1,1,0,1,False,1
000250,0,8,19,42.04494435544753,17.76420633506475,-0.1809999942779541,0.0,0.0,0.0,1.6803632363482834,0.9321671778929556,2.1740000247955322,-1.2779435505567134,-73.22077190286302,0.561924771648902,28,1,1,0,1,False,5
000252,2,8,18,42.66148095805695,13.578655079886351,0.07549998164176941,0.13872073558711992,-0.9417490324151394,0.9519110686070852,1.3337238874729986,0.7035520887131239,1.6309999823570251,0.8314810684251619,47.64035596579019,0.555776440966253,32,4,2,0,2,False,5
000253,3,8,35,40.248377835771976,15.505565262013357,-0.42250001430511475,-1.0096000004553216,0.349147614128826,1.0682678584377783,1.1109716745816953,0.24153249302674137,2.5789999961853027,-1.366614247204325,-78.30122858725599,0.40839261739995414,24,5,3,0,3,False,5
000256,6,8,56,35.62237615642579,17.127739246888122,-0.5830000191926956,-1.2491802521523552,0.435357285502069,1.3228708434337615,2.164392682596241,0.7613212868137,0.9580000340938568,-0.02720133609118452,-1.558521755141757,0.5505135740248625,30,10,4,0,4,False,5
000257,7,8,3,32.247804435978495,14.001306263746747,0.343999981880188,-2.2056064128850768,-1.167448335387481,2.4955230442451892,1.4636483356122196,0.24627534994547107,2.138000011444092,-0.23859230170657916,-13.670331912098975,0.4177011707830035,27,11,5,0,5,False,5
000250,0,9,24,43.77562808940445,19.846595541418182,-0.614999994635582,0.0,0.0,0.0,2.115509734533775,0.44237712622741854,0.8819999992847443,-0.8872251171669714,-50.834254691667425,0.5634526211681223,37,1,1,0,1,False,1
000250,0,10,26,35.12034345718433,4.22631061270579,-0.939999982714653,0.0,0.0,0.0,1.1586527838160248,0.8423147107402778,1.735999971628189,0.7185139410014897,41.16781634069719,0.5315978763340947,23,1,1,0,1,False,5
000252,2,10,31,37.62885493271414,6.18255945370155,-1.0405000150203705,0.5644150819942068,0.44015598922404586,0.7157525268082018,1.9419613412863599,0.5478047727473568,0.925000011920929,-0.22817681601828232,-13.073568540580656,0.5449395625307135,30,4,2,0,2,False,5
000253,3,10,2,35.57886151217574,8.77125280177098,0.24700000882148743,-0.612068744145466,1.4069978007044692,1.534363372460064,0.5611588903511433,0.4670187262638411,2.4160000681877136,-1.1105546059237437,-63.630091838244844,0.5673644958322108,39,5,3,0,3,False,5
000254,4,10,2,35.20152781346976,10.704722366104603,0.3530000150203705,-0.5064379736976983,1.643910094337588,1.7201511036731767,1.6539259289046746,0.6047728612531387,2.240000069141388,-0.16602919809524394,-9.512772326798965,0.6195766690626039,52,6,4,0,4,False,5
000255,5,10,37,33.29876602312367,14.735514693200313,1.006500005722046,-1.1347836911894749,2.7180070990787426,2.9453856481676643,1.5807681130079916,1.5237408172692026,0.8610000610351562,-0.3238279835601691,-18.553976746229498,0.532299715346255,22,7,5,0,5,False,5
000250,0,11,31,56.04771380459169,21.552026711506162,-1.5904999375343323,0.0,0.0,0.0,2.767083142566615,0.6105864299245314,1.084999918937683,-0.8471105808381548,-48.535861062902015,0.5443286803069667,27,1,1,0,1,False,2
000253,3,11,47,54.19152427201754,19.34005174746865,-0.9719999954104424,-0.2784284298861223,-0.3317962446056269,0.43314101457059956,5.435594137578317,0.35299563985108484,1.4839999824762344,-0.03531707185236138,-2.0235191619005835,0.5766944842725183,56,6,2,0,2,False,2
000250,0,12,34,16.207357393581177,7.19760595439626,-0.8485000096261501,0.0,0.0,0.0,3.3569426868173977,1.8289001219156082,1.5690000131726265,0.21506303399871896,12.322204177405128,0.9403083981625308,143,1,1,0,1,False,1
000250,0,13,35,15.91686174565787,-23.651857396555,-0.4689999967813492,0.0,0.0,0.0,4.518858882099538,1.2477818738575974,0.535999983549118,1.0372777130212831,59.43163513910172,0.5726194281892086,33,1,1,0,1,False,2
000253,3,13,24,19.005080979820963,-25.332123572693916,0.6309999730437994,0.4632328851244639,-0.2520399264208377,0.5273602472418224,1.4914040227299545,1.2233752107321565,1.3479999490082264,-0.8327748160016483,-47.71448224167814,0.6073434224686258,47,6,2,0,2,False,2
000250,0,14,39,33.825129896081854,11.785806483217048,-1.612500011920929,0.0,0.0,0.0,1.3949995639423576,0.4803396227853097,0.45899999141693115,-1.3867342248089392,-79.45401838789812,0.5157405531097309,22,1,1,0,1,False,3
000252,2,14,30,32.73750164010208,7.86608644625508,-0.8819999843835831,-0.2447163575954489,-0.8819370083164426,0.9152589700805672,3.902818298005234,0.8846408990296775,1.229999989271164,-1.1865186097880496,-67.98250865458505,0.7669555662278958,97,4,2,0,2,False,3
000255,5,14,1,29.384021969980317,8.494259944166066,-0.3709999918937683,-0.6376159471957615,-0.39083932988739567,0.7478699605581017,4.309137344713745,2.2344332359750014,3.163999915122986,-0.8753275511088092,-50.152574370056634,0.9228571428571428,113,9,3,0,3,False,3
000250,0,15,43,0.3183247929833753,-11.953028988363565,-1.2475000023841858,0.0,0.0,0.0,1.5594678203371777,0.9826707157672394,1.347000002861023,-1.2444367304790966,-71.30097252751138,0.5407804577654096,25,1,1,0,1,False,4
000251,1,15,13,3.0465642670789093,-10.607057421333854,-0.3089999854564667,1.22770776334299,0.6056872051633698,1.3689862463411608,2.398772255092007,0.8988179268021949,1.8039999604225159,0.04003865304722867,2.294045836994816,0.6321786412958705,51,2,2,0,2,False,4
000254,4,15,63,3.7484074326802292,-7.840239534193329,-0.8374999910593033,0.7805157446788425,0.7481506459109322,1.0811726118749554,2.0063146897245456,1.5640545076557455,0.8289999663829803,0.19807603453435024,11.34892080150581,0.8743880303349524,146,7,3,0,3,False,4
000255,5,15,22,7.559526349078339,-6.563909802296843,-0.4724999666213989,2.1442871719525125,0.9858312346044313,2.360048876384089,0.9027198937405398,0.8527301448561371,2.0329999923706055,0.5191709263596809,29.746302926306974,0.6275286011290622,57,8,4,0,4,False,4
000251,1,16,5,7.509007201043625,8.811206723365702,-0.4584999978542328,0.0,0.0,0.0,0.8137925097623067,0.24407744153551628,2.1350000500679016,0.6027522461527992,34.53515979658591,0.4601661477268326,43,1,1,0,1,False,4
000253,3,16,11,6.040378704678122,9.816396047697898,-0.5764999985694885,-0.3304414116822382,0.22616759797474414,0.4004289062095991,0.5187936482489702,0.28530781424371765,2.347000002861023,1.2427585662447984,71.20482079955629,0.541828240525189,31,4,2,0,2,False,4
000254,4,16,6,5.0061924190412075,12.553156532506359,0.2640000060200691,-0.6471266049618423,1.3559343970499163,1.5024416567549503,0.48007800347861507,0.559457398465492,0.8220000118017197,-0.3057364294501828,-17.51740705089472,0.4125459597206771,27,5,3,0,3,False,4
000257,7,16,30,2.893996621654783,19.49130959039909,-0.0729999840259552,-0.6727490023369769,1.7864868770613638,1.9089595548512446,0.7081491693629318,0.40787864916856237,1.8979999423027039,0.336119797456735,19.258245805062977,0.5608538132084087,37,10,4,0,4,False,4
000251,1,17,6,24.26707980429754,32.218002498770836,0.8705000281333923,0.0,0.0,0.0,1.6844392621281847,0.20033287549699363,1.4550000429153442,0.37625302215302586,21.55771019841065,0.38936491417481833,39,1,1,0,1,False,1
000251,1,18,7,21.416704128147263,31.22831027528904,0.013500034809112549,0.0,0.0,0.0,3.163336734074856,1.1827122207119647,2.975000023841858,-1.1407040492249398,-65.35752769407236,0.9543476706691725,170,1,1,0,1,False,1
000251,1,19,9,1.8755361529582397,5.801270374557925,-0.5920000076293945,0.0,0.0,0.0,3.381474160486186,1.3499534358046137,2.062000036239624,-0.02249630990521306,-1.2889436121870574,0.938243922929477,342,1,1,0,1,False,2
000254,4,19,65,0.7350867491250189,5.0548934828288665,-0.9484999924898148,-0.17106741057498312,-0.11195653375935874,0.2044463851777289,1.955385165040713,1.5874404605850598,1.0149999558925629,-0.7735995309121058,-44.32398815456393,0.8109656175505083,116,6,2,0,2,False,2
000251,1,20,10,3.0086871293632718,13.089847835994457,-0.4385000169277191,0.0,0.0,0.0,6.119213038636767,1.7658851637954567,2.365000069141388,-1.305385288594919,-74.79306767495582,1.0,409,1,1,0,1,False,1
000251,1,21,11,1.7362991117694224,-6.090913540777044,-0.4740000218153,0.0,0.0,0.0,3.9794326122489805,2.754668917282271,1.8860000669956207,0.36304362345878227,20.80086740332487,1.0,535,1,1,0,1,False,3
000254,4,21,9,1.5395122742493705,-3.8856522351551868,-0.49400003254413605,-0.029518025628007778,0.33078919584327854,0.3321036072125965,4.588598984101056,3.0572076905439123,1.6980000436306,-1.152218484337177,-66.0172562294808,1.0,321,6,2,0,2,False,3
000255,5,21,108,0.7805076866164337,-4.619601092763593,-1.5190000236034393,-0.35778697853022584,-0.1483429282099794,0.3873204698382199,1.4186254150124362,1.5503773632227644,1.2179999947547913,-0.8801791303403685,-50.430549383998304,0.5522573097991343,27,7,3,0,3,False,3
000251,1,22,12,3.522104986331632,-16.81549694731194,-0.12300002574920654,0.0,0.0,0.0,1.472656578129272,0.3443310230923451,1.8020000457763672,-0.7110281265014086,-40.73891076362471,0.6957093628530236,83,1,1,0,1,False,4
000254,4,22,40,0.4737775300905104,-13.747254968205038,-0.39400002360343933,-0.4572491184361683,0.4602362968660351,0.6487635973631799,1.2801854860280288,1.0059472884078355,1.2900000214576721,0.8249411116775545,47.26564404595418,0.6198600351320661,54,6,2,0,2,False,4
000257,7,22,13,1.0676665012512965,-15.131329225245656,-0.36899998784065247,-0.16240366946577467,0.045518824720226614,0.16866213344986272,0.7629437323476775,0.6126092068169796,2.199999988079071,-1.0968202181256839,-62.843169383220044,0.5853541292281408,44,11,3,0,3,False,4
000258,8,22,50,0.8961487922217806,-10.907400146756684,-0.47850000858306885,-0.16650498726945823,1.9258034389161618,1.9329880486249567,1.655753513402555,0.7067435271943459,0.781000018119812,-0.19337647795039423,-11.079656043662213,0.5328537219291388,26,12,4,0,4,False,4
000251,1,23,14,7.320455790328475,-10.475693500400745,0.2265000119805336,0.0,0.0,0.0,1.2287726397759373,0.6551813032554743,0.8490000218153,-0.012641737875573052,-0.7243182259810153,0.604979273689926,52,1,1,0,1,False,1
000251,1,24,15,6.76776766628515,-7.131260466223871,-0.34449997544288635,0.0,0.0,0.0,4.562680324676737,3.787713371436875,1.8809999823570251,1.35203008352708,77.46561756082185,1.0,599,1,1,0,1,False,1
000251,1,25,17,11.646478581917219,-8.617098597112875,-0.1614999771118164,0.0,0.0,0.0,0.9028969373457272,0.4564389909174544,1.7369999885559082,0.4860087197550083,27.846248448518374,0.5567110737037735,35,1,1,0,1,False,5
000252,2,25,8,15.727069976437178,-9.778919450263125,0.10899999737739563,1.8362661275339818,-0.5228193839176123,1.9092441958347386,1.4843036771861862,0.31613847467535616,1.4740000367164612,0.2968347115028615,17.007376182097353,0.6221986721352987,58,2,2,0,2,False,5
000254,4,25,11,22.12282448129718,-11.523667108428931,0.000500023365020752,2.4489911337371906,-0.6801188842419932,2.5416764683621604,1.8532826863602276,0.4778020902087093,2.1169999837875366,1.5054156334466717,86.25396220950766,0.6561458827166399,66,5,3,0,3,False,5
000255,5,25,46,22.980300864263988,-12.495878221090003,-0.17400002479553223,1.7328094958905187,-0.8115603870305783,1.9134416664339615,1.5111423084473157,1.1832753485600125,2.5160000324249268,-1.4182985516226458,-81.26252109749512,0.5807481775223011,31,6,4,0,4,False,5
000257,7,25,22,24.927799986825807,-12.653994539506462,-0.028500020503997803,1.3912325253161946,-0.4819343845105214,1.4723412275933903,0.6067231625735958,0.6128848804944931,2.3630000352859497,1.0039872348834096,57.52423124382903,0.5868091004138953,45,9,5,0,5,False,5
000251,1,26,18,4.4190379361136625,-2.690605538947848,-0.52149997651577,0.0,0.0,0.0,2.551133587855516,0.861952934270874,1.770999938249588,-0.3094230278613218,-17.728633580612623,0.8865095580252481,155,1,1,0,1,False,1
000251,1,27,19,28.07151838058675,-18.512852347697045,0.5344999879598618,0.0,0.0,0.0,2.8549882887274585,0.2859300699731169,1.6289999783039093,-1.3047438576547747,-74.75631638923645,0.5338954151834965,46,1,1,0,1,False,1
000251,1,28,20,10.521851742726264,-5.862607700265816,0.2604999989271164,0.0,0.0,0.0,1.0138025001603745,0.4885557204524599,0.738999992609024,0.7515250643672168,43.059214386539054,0.5962886362824542,50,1,1,0,1,False,2
000254,4,28,57,12.09878762258435,-3.661521343667688,-0.7625000104308128,0.23654038197871285,0.3301629534897191,0.4061513611496209,1.4670653786090468,0.5518815273622844,1.1290000230073929,1.487314869943931,85.21686485483617,0.5899981714680562,46,6,2,0,2,False,2
000251,1,29,22,25.08169922086427,-2.9190532361609027,0.5424999874085188,0.0,0.0,0.0,1.7393829650921981,0.7996433077488536,1.066999975591898,-1.016529882892813,-58.242872038686016,0.5381989199625132,26,1,1,0,1,False,3
000253,3,29,39,22.639213019927997,0.5697803297209879,-0.5739999869838357,-0.5495593952106613,0.7849875523234253,0.9582384808423372,1.575341148825828,1.572318765952432,1.2079999726265669,-1.4425336667664548,-82.65109091124896,0.6951941844656452,76,4,2,0,2,False,3
000254,4,29,53,23.911912939371852,-2.6696769852944766,-0.857499971985817,0.2704572963838712,-1.026012637979075,1.0610603575952,2.7098187721832447,1.6150893714739865,0.8389999568462372,-1.0245960547484738,-58.70502964284258,0.5844246886524785,35,5,3,0,3,False,3
000251,1,30,23,5.617117259602426,-19.5315119344647,-0.1835000216960907,0.0,0.0,0.0,2.7811003128597074,0.5917800892077776,1.671000063419342,-0.6797097878550479,-38.94450213782678,0.7272110547617345,88,1,1,0,1,False,1
000251,1,31,26,23.82272888726483,-15.48907011570791,0.30150002241134644,0.0,0.0,0.0,1.6538242195308515,0.5258627821274837,1.715000033378601,-1.0463705059610944,-59.952613798539254,0.5525543266370748,31,1,1,0,1,False,1
000251,1,32,31,22.269548624390122,19.983231696155126,-0.40949997305870056,0.0,0.0,0.0,3.2786907826567315,0.39130426443727767,1.8269999623298645,-1.1944167951932727,-68.43504134411616,0.591974796170726,63,1,1,0,1,False,5
000253,3,32,10,18.60344145519247,20.00919834852107,0.48900001496076584,-0.8248741130694716,0.005842496782337569,0.824894803705781,2.525540118979708,1.1867049366789635,1.3240000158548355,0.013486337094431313,0.7727101966016398,0.5957725718979752,38,4,2,0,2,False,5
000255,5,32,78,16.674036992468984,19.701720560714747,-0.5895000174641609,-0.8877967663009938,-0.06596912902613718,0.8902443620933347,2.817549751811704,1.1642499583639063,1.5110000222921371,-0.4763316842628191,-27.291795156617628,0.5821822419546455,30,7,3,0,3,False,5
000256,6,32,69,12.99104687940857,19.139407659804515,-0.9584999978542328,-2.145633772342733,-0.2893238263739799,2.1650525539869436,1.0803189166210068,1.1247824755576843,0.5430000424385071,1.281957116919561,73.45073231624986,0.5390428828607915,29,8,4,0,4,False,5
000259,9,32,103,7.509749296467109,16.125635053403713,-1.0460000038146973,-2.0022932122297226,-0.6111939954658093,2.093498556922044,1.739920112085216,0.7647608664342465,0.312000036239624,-0.4820195423300486,-27.617685418339317,0.3943682626546655,20,13,5,0,5,False,5
000251,1,33,32,13.954567029449747,18.013866836676186,-0.6520000100135803,0.0,0.0,0.0,1.7297701897783124,0.5108575051376719,1.6460000276565552,-1.1140189662024644,-63.82858506092831,0.6807789296247068,76,1,1,0,1,False,2
000254,4,33,4,14.66727083494366,13.853787604477304,-0.30150002241134644,0.1069055708240869,-0.6240118848298323,0.6331031775959616,0.916714128078753,0.707248240614279,2.402999997138977,-0.8006229542911817,-45.872316262180135,0.6617488420334163,69,6,2,0,2,False,2
000251,1,34,36,18.51282081041903,28.656815583108056,-0.9939999878406525,0.0,0.0,0.0,1.8589654479918107,1.1741855626702589,0.9760000109672546,1.234658466490734,70.74071927001344,0.5585437778692504,31,1,1,0,1,False,1
000251,1,35,37,9.174542665076418,-4.113476291406523,-0.6145000120159239,0.0,0.0,0.0,0.6495376943358332,0.32301006413394673,1.221000023651868,0.8590399311170454,49.21936248621566,0.5581159226941594,37,1,1,0,1,False,2
000254,4,35,56,10.553256221442656,-3.786708852625851,-0.7255000099539757,0.20680703345493565,0.0490151158171008,0.2125361867188613,1.545708143061904,0.7496723007564833,1.147000029683113,1.180989207128922,67.66569721898863,0.6453175910841707,64,6,2,0,2,False,2
000251,1,36,40,8.737503258931033,9.503597593690493,-0.902999997138977,0.0,0.0,0.0,0.8173128613187977,0.4823141340240905,1.0759999752044678,-1.2594787625135055,-72.16281747838359,0.585405079421455,46,1,1,0,1,False,6
000252,2,36,6,6.52012270543456,13.346129909007312,0.05449998378753662,-0.9978212490734127,1.7291395418925681,1.99638944107578,1.9989688499448384,0.40668794959858784,1.3289999961853027,-1.1731190693133797,-67.21477153797174,0.6058432161118509,51,2,2,0,2,False,6
000255,5,36,17,0.5025648720841034,19.96552857583345,-0.8175000548362732,-1.4514353619929454,1.9439365480648332,2.42601605784995,3.051627593798071,1.1211365749925246,3.421000123023987,-1.3779119762892615,-78.94854078190505,0.7797272311359865,77,7,3,0,3,False,6
000256,6,36,65,1.1433529035200545,19.721976074526566,-0.7959999740123749,-0.5099348349499422,0.9595664758475607,1.0866468411889543,2.207200998032533,1.6538721617924774,1.1559999585151672,-0.04958290109191199,-2.8408909685811583,0.8581329437025996,129,8,4,0,4,False,6
000258,8,36,14,1.9822851219413673,21.065679584959266,0.5555000081658363,-0.09170441007767283,0.8300948515635159,0.8351449942494713,3.549015417932869,0.5337562205282683,0.7650000303983688,0.728551754299801,41.742940678230724,0.6178714625870826,54,11,5,0,5,False,6
000259,9,36,23,0.7583835109701187,21.304818558753393,0.22699998319149017,-0.6011931504797818,0.5641647065672908,0.8244483127036909,2.110772219782806,0.8831095165572718,1.4479999840259552,-0.7851635238177165,-44.986556142374646,0.5924472410580587,41,12,6,0,6,False,6
000251,1,37,42,6.902218400734889,2.5074169666947,-0.8099999949336052,0.0,0.0,0.0,0.7318891780224546,0.41973989503632725,1.1959999948740005,0.5164679983548548,29.591436559302725,0.5477302288812631,33,1,1,0,1,False,1
000251,1,38,43,1.7142876639795555,2.867901844645206,-0.7855000076815486,0.0,0.0,0.0,1.7255660826099364,0.8211055942948986,1.547000015154481,1.4028232778240268,80.37585322202487,0.816263357114942,121,1,1,0,1,False,2
000254,4,38,64,4.207239858926146,5.374519939479184,-0.9885000139474869,0.3739428292419885,0.3759927142250966,0.5302864892601528,3.4253125468418486,1.7516477619330473,1.1470000445842743,-0.08108979239850266,-4.646102866026227,0.9145181186820572,179,6,2,0,2,False,2
000251,1,39,44,1.135565829120477,8.510770315935243,-0.9614999741315842,0.0,0.0,0.0,0.8300293275363844,0.3203214244734328,1.304999977350235,1.149260149493294,65.8477561285398,0.5246814002196082,25,1,1,0,1,False,2
000253,3,39,12,0.689623765893519,9.294524682489532,-0.6195000112056732,-0.10033696422606556,0.17634473247471505,0.20289152535697882,1.1134146844306292,0.8906563085145651,2.303000032901764,0.1269873866374958,7.275841305724496,0.871410771355298,141,4,2,0,2,False,2
000251,1,40,46,1.4769511446160468,10.841355051857443,-1.065999984741211,0.0,0.0,0.0,1.409862200852345,0.4355917094414208,1.1059999465942383,-1.3779808320045575,-78.95248592378685,0.5363677008844984,28,1,1,0,1,False,1
000252,2,41,1,39.774606996166085,6.300123636155804,0.375499963760376,0.0,0.0,0.0,3.7544391372965054,2.4142461426332837,2.4609999656677246,-1.1148958514826672,-63.878826886601075,0.9885714285714285,136,1,1,0,1,False,1
000252,2,42,2,39.90960365786818,9.066310699274629,0.6180000156164169,0.0,0.0,0.0,4.2111245776871336,1.5448199973580616,1.9900000393390656,-0.7562435113827084,-43.32956148638282,0.8856526350289826,110,1,1,0,1,False,2
000254,4,42,22,42.92653449960005,10.684580250038094,0.6490000337362289,0.6788094393896708,0.3641106489217795,0.7702978772285164,1.4113722412969025,0.47765727927153045,2.138000041246414,-0.015321790532915113,-0.8778739321195365,0.5320839674882938,24,4,2,0,2,False,2
000252,2,43,4,31.477614958218588,12.151915602214412,0.02349996566772461,0.0,0.0,0.0,2.781283898093152,0.566812027800071,2.6549999713897705,-1.1715002822247882,-67.12202186986518,0.794953488568042,107,1,1,0,1,False,4
000253,3,43,5,30.076974691360842,15.237005128126281,-0.16949999332427979,-0.6302881200859856,1.3882902866603408,1.524668171884288,1.52795359649718,1.5807797974671312,3.0810000896453857,-0.8907402926160901,-51.03565940914993,0.8083375419396531,101,2,2,0,2,False,4
000255,5,43,53,31.703070741720833,16.271570218923724,0.01699995994567871,0.019213145283705713,0.9963368030926123,0.9965220369607988,2.752750289562387,1.5985263573817488,2.7860000133514404,1.5209046126808983,87.14141534859462,0.7220743397530079,55,5,3,0,3,False,4
000256,6,43,57,29.1132543280469,15.294107539886282,-0.581500006839633,-1.1548501562472315,0.10812703613408775,1.1599010041065563,3.178197158769611,0.4890959403933002,1.0570000149309635,-0.10736412416716647,-6.151511185897163,0.659689276357928,68,6,4,0,4,False,4
000252,2,44,5,18.459130391719782,12.94258784297213,0.0925000011920929,0.0,0.0,0.0,4.697520556071023,0.8536396865505782,1.7609999775886536,-1.1411126283681179,-65.38093755457353,0.9076309988303776,137,1,1,0,1,False,2
000255,5,44,95,20.746710326430648,10.351591651832916,-1.0055000185966492,0.34313699020662985,-0.38864942867088226,0.5184509354358116,4.066211468793247,1.7118690432598098,0.8830000162124634,1.0100168009795045,57.86969993343044,0.6533368375563906,51,6,2,0,2,False,2
000252,2,45,10,50.226625676168496,-7.058803963367391,1.164499968290329,0.0,0.0,0.0,4.780620220305474,1.6919173942716883,1.5869999527931213,0.728758650090444,41.754794933833594,0.7074832956374028,48,1,1,0,1,False,4
000254,4,45,32,48.234124360542516,-8.617471703413663,1.0069999694824219,-0.44831279601584534,-0.3507002415104112,0.5691880378811608,1.5162125456115418,0.9919986871991187,1.753999948501587,1.546441687703618,88.60458196850541,0.5404470145436032,23,4,2,0,2,False,4
000255,5,45,67,46.07231274248183,-9.013996499529062,-0.1809999942779541,-1.219387265936025,-0.37132129108265566,1.274670469391295,2.0305916560879584,1.3823920892679729,2.2179999351501465,1.507672553570745,86.3832742073152,0.5912267328507401,29,5,3,0,3,False,4
000257,7,45,51,41.50167216731817,-12.041156711666082,-0.5380000099539757,-1.699057125676637,-0.88533775782629,1.915885712078212,3.4898077746935456,0.949750546123424,0.8180000334978104,0.7573765830371328,43.39448171006725,0.6239890938156412,52,8,4,0,4,False,4
000252,2,46,11,54.221764011408936,-4.851568371682758,1.2119999527931213,0.0,0.0,0.0,1.5852316768335628,1.1611885862890219,1.6639999151229858,-1.267783682309525,-72.63865433189015,0.5644300299538599,30,1,1,0,1,False,1
000252,2,47,12,52.02071490482228,-2.6629368732959375,1.6869999766349792,0.0,0.0,0.0,2.8545906239585577,1.1716352296431318,0.6060000658035278,1.2024287930205588,68.89409500508764,0.5632868782089003,33,1,1,0,1,False,1
000252,2,48,14,35.41046261790018,10.439864010334421,-0.08050000667572021,0.0,0.0,0.0,2.673940001070449,2.150886142753637,2.246999979019165,1.3470130529109023,77.17816288082696,0.9025841524092832,116,1,1,0,1,False,4
000254,4,48,1,37.7264420458438,10.279203890810596,0.3675000071525574,0.5210953712873138,-0.03614852689286074,0.5223476830364879,2.0276364086524605,1.372384057775235,2.337000012397766,-0.37447859527636684,-21.456043027323506,0.6766814136317754,58,4,2,0,2,False,4
000255,5,48,2,38.34633602047874,12.34779325209772,0.9560000151395798,0.565554742793746,0.9109835227881323,1.072260763941298,1.8178590970227806,0.8867945290007792,1.248000055551529,-0.9656297405533528,-55.326508706019794,0.5545754763241323,30,5,3,0,3,False,4
000256,6,48,60,41.57223842146993,14.838505190627236,-0.6874999850988388,1.7627111889825982,1.6218613098717551,2.395325623839767,3.837122634703963,0.8637645151442224,0.582999974489212,-0.22246260187233285,-12.746168186783798,0.5738293904866943,37,6,4,0,4,False,4
000252,2,49,17,67.23922302445484,1.4854061777468317,0.45899999141693115,0.0,0.0,0.0,3.0101832882800563,1.5292596730855492,1.5759999752044678,1.1581030759230568,66.3544184915099,0.6751573805631551,55,1,1,0,1,False,1
000252,2,50,19,25.59199861873386,12.487802712811096,-0.29350000619888306,0.0,0.0,0.0,2.8865183044728955,0.5655012548544521,2.5670000314712524,-1.1111297589449414,-63.66304567893367,0.889283035479856,151,1,1,0,1,False,7
000253,3,50,4,25.31771642752272,9.639283334204418,-0.16500002145767212,-0.12342698604501406,-1.281833720373005,1.2877623645570075,1.5414982526866772,1.3911718786064733,2.6239999532699585,-0.08259191608092016,-4.7321682133354,0.6627544289539564,56,2,2,0,2,False,7
000255,5,50,4,23.633268628573145,8.584425267625129,-0.0009999871253967285,-0.44688559708841175,-0.9423516111854928,1.0429445315974193,1.5194197296819993,1.218728398999103,2.143999934196472,1.0414760847443367,59.67218411965976,0.6443632314892076,55,5,3,0,3,False,7
000258,8,50,47,22.902000375620897,5.731320055201462,-0.8089999854564667,-0.3554773163414636,-0.9462591680155711,1.0108266594658304,3.981864385923541,1.6255930348505383,1.3499999642372131,-0.13832525678980223,-7.925453414119002,0.9262082389795108,138,10,4,0,4,False,7
000259,9,50,74,21.136808270375436,2.1114431842212444,-0.2849999964237213,-0.9898489713482623,-2.149387134349662,2.366361350129575,3.161619831415153,1.4637441536606566,1.11599999666214,-0.39402587635810177,-22.576019734262836,0.7212755268323962,78,11,5,0,5,False,7
000260,10,50,49,22.129128568242006,-2.657404153406296,-1.0709999799728394,-0.09787280020158795,-3.3281442258247074,3.3295830178732055,2.7694335382453854,1.242772354411171,0.7300000190734863,0.005166105321235417,0.29599603142686576,0.5964117941312551,43,12,6,0,6,False,7
000262,12,50,32,21.714017188152454,-8.916519503496994,-0.492000013589859,-0.14723010063102263,-3.238780277973996,3.242124980861339,1.646268935427377,0.8694726639625325,0.7160000205039978,0.16341983837517496,9.363267027607574,0.525322463419523,23,15,7,0,7,False,7
000252,2,51,20,49.691826284750086,-4.806014778689586,-0.06299999356269836,0.0,0.0,0.0,3.5686848243781943,1.2334561571476677,2.071999967098236,-1.3939378135157694,-79.86675361814758,0.7726481368210832,83,1,1,0,1,False,1
000252,2,52,21,57.96604468903217,-3.1472604070447647,0.46700000762939453,0.0,0.0,0.0,1.9913888387833387,1.3040570246173753,2.1480000019073486,-0.7695251676909819,-44.0905443377902,0.5794376209015386,27,1,1,0,1,False,1
000252,2,53,24,37.785929799606876,-4.35374385857959,0.02649998664855957,0.0,0.0,0.0,1.8779301075230777,1.35484153696233,2.0889999866485596,1.1770276710609973,67.43871792190768,0.5998284802081766,35,1,1,0,1,False,3
000254,4,53,44,36.9308543890098,-5.4083359179323285,-0.30400001257658005,-0.1923919673843416,-0.23728321335436608,0.30547993789083955,1.4019443865521493,0.5313502125433229,0.9060000330209732,0.3889724802139242,22.286481462993777,0.5220414794793757,23,4,2,0,2,False,3
000256,6,53,35,36.60820127014109,-9.394407985448662,0.24250000715255737,-0.1784125338068487,-1.0273719825360763,1.0427483985696109,0.6052194634160767,0.4972478223095722,2.4929999113082886,-1.4917020870863265,-85.46823388090289,0.5598907695639697,36,7,3,0,3,False,3
000252,2,54,25,69.40388442962457,-1.2904232815401642,0.041999995708465576,0.0,0.0,0.0,2.017356731069194,0.7435435562128482,0.7699999809265137,1.2660437900430854,72.53896584821571,0.5351137855840843,26,1,1,0,1,False,1
000252,2,55,33,10.328551693495577,3.423850208038391,-0.8914999812841415,0.0,0.0,0.0,3.5807844501614,1.5370876955081914,1.148999959230423,-0.11820627633483387,-6.772720745943122,0.9092881794277013,161,1,1,0,1,False,3
000254,4,55,59,12.124826640753113,5.647503136089955,-0.9749999791383743,0.4041618631329457,0.5003219088116019,0.6431709135587358,7.757156041950352,1.7764448748937287,1.1599999368190765,-0.040899658549969325,-2.3433778184393947,0.9998592328651202,327,4,2,0,2,False,3
000255,5,55,97,9.771801781073458,3.473918258390203,-0.906000018119812,-0.8365721621327245,-0.7029361451185072,1.092690352556244,4.076254971692887,1.9253478367363182,1.2200000286102295,-0.11027029703039501,-6.318022625495609,0.9397638890167677,247,5,3,0,3,False,3
000253,3,56,0,50.40641940080846,9.044308146531142,0.406000018119812,0.0,0.0,0.0,0.9402320449045377,0.4438431243468779,3.078000068664551,-1.463300226683314,-83.84092714949054,0.6134707329142225,53,1,1,0,1,False,3
000255,5,56,0,49.1956582593714,8.821908721962293,0.3985000252723694,-0.2724212568233387,-0.050039870527990964,0.276978933877047,2.1163258177181437,0.7668559636929112,3.0089999437332153,1.154834408107343,66.16713762103925,0.6386386183476762,50,4,2,0,2,False,3
000258,8,56,29,45.73626063948911,6.269889831725096,-0.033499956130981445,-0.6687413342351796,-0.4103247623259746,0.7845899455718992,5.369620606199839,2.208464300530038,3.0490000247955322,-1.1133850518481727,-63.792264443854634,1.0,283,9,3,0,3,False,3
000253,3,57,3,50.58043270426016,16.46013692024966,0.5639999806880951,0.0,0.0,0.0,2.8924325466301957,1.260818920435137,2.925999939441681,-1.3179415302352024,-75.51248732749048,0.7386086329094639,66,1,1,0,1,False,1
000253,3,58,6,15.68116219524092,8.93883311250063,-0.4154999852180481,0.0,0.0,0.0,0.733555005234003,0.6244551232724169,2.4950000047683716,1.5528650400724615,88.9726129495655,0.6664288803486238,72,1,1,0,1,False,1
000253,3,59,8,20.54695525917865,15.326209332024682,-0.3855000138282776,0.0,0.0,0.0,0.37614986381602505,0.4103982402387004,2.9390000104904175,-1.3686540456970262,-78.41810043194491,0.4775867434805994,49,1,1,0,1,False,1
000253,3,60,13,0.3081041400528486,-4.475675927155734,-0.41999998688697815,0.0,0.0,0.0,0.614502747180487,0.2843678542170985,1.5619999766349792,0.018989601098993874,1.0880239976093387,0.5468446338169886,33,1,1,0,1,False,1
000253,3,61,16,54.487573688102145,-26.360008082165077,1.3374999463558197,0.0,0.0,0.0,5.335123053725271,1.7226672332318766,1.8869999051094055,1.351550265886064,77.43812603505572,0.92,112,1,1,0,1,False,1
000253,3,62,18,15.574633420606949,-4.655892788799688,-0.11400002241134644,0.0,0.0,0.0,0.45234837100406244,0.2597755023477404,1.75,0.3277494464236828,18.77866001782612,0.44668978720845864,39,1,1,0,1,False,2
000254,4,62,26,15.848345763090366,-3.8934469378647223,-0.26250001788139343,0.1231705541175378,0.3431006329207347,0.36453947620556826,0.8658681389572959,0.38805328276982226,2.053000032901764,0.5413054574211718,31.01451813763163,0.6078955787679573,53,2,2,0,2,False,2
000253,3,63,20,64.98100596969081,-4.5869014077708306,1.0544999539852142,0.0,0.0,0.0,0.8422883789307476,0.554134069359068,2.7289999127388,-0.6930217970827799,-39.707224083415035,0.5305126969533291,24,1,1,0,1,False,1
000253,3,64,21,55.90797767626396,9.162645611339839,0.42699992656707764,0.0,0.0,0.0,1.3833371672561858,0.5523963283961391,3.3919999599456787,1.2798173088402034,73.32813034433468,0.5685856958323829,33,1,1,0,1,False,2
000254,4,64,27,59.30894960321585,11.312876212677484,1.189000017940998,1.5304373671283502,0.9676037706019402,1.8106616446994863,1.5400980165777685,0.40831750714486204,2.1540000289678574,-0.28972294909112817,-16.599902211005254,0.5255559621761118,22,2,2,0,2,False,2
000253,3,65,25,25.605112711356444,-4.723863404963908,0.06650000810623169,0.0,0.0,0.0,0.424803078637073,0.39830873178864734,2.041000008583069,0.6736002899014087,38.594453690139446,0.41371377984749,27,1,1,0,1,False,5
000254,4,65,16,23.065912338578407,-6.46407138906107,-0.06400001049041748,-1.1426401677501166,-0.7830935928437227,1.3852299910516321,0.45249916914646704,0.32611535827262494,2.1619999408721924,0.7001113210664517,40.1134238864362,0.4448957590083259,38,2,2,0,2,False,5
000255,5,65,47,20.14794889198858,-10.981284093232619,-0.2015000283718109,-1.941535643227986,-2.463447192941244,3.136579781598868,0.8903042195302331,0.770651646328818,2.359000027179718,1.1235413129018015,64.37417533786065,0.5280309920862368,22,3,3,0,3,False,5
000257,7,65,19,15.271267650379924,-14.69507678630191,-0.22200003266334534,-2.16509788313734,-2.1904993120582743,3.0799246873411636,0.8838975402410552,0.5960404536261306,2.3080000281333923,-0.5418986417042201,-31.04850509352379,0.5671137580263832,37,6,4,0,4,False,5
000259,9,65,32,11.191236935214777,-22.88568930320846,-0.0029999613761901855,-2.108810746637695,-3.047662437936024,3.706120491935035,1.9792763618254927,1.4402802594679056,2.1759999990463257,0.5612365767685439,32.15648715720759,0.7767259670541029,94,9,5,0,5,False,5
000253,3,66,26,49.51716187896228,-4.925631383732853,0.7035000026226044,0.0,0.0,0.0,0.5958646513557635,0.35125925022349025,2.3889999985694885,1.2781973877074628,73.23531570028459,0.5146877324684156,21,1,1,0,1,False,2
000254,4,66,49,47.67281071959071,-0.8654072059249894,-0.608999989926815,-0.8299580217172063,1.8271008800135384,2.006770525884558,1.7167201757100643,0.36807399796598983,0.8779999762773514,1.3077486518509394,74.92847841498208,0.5123440197335464,20,2,2,0,2,False,2
000253,3,67,29,54.323962395902406,-22.23746234295496,0.6124999709427357,0.0,0.0,0.0,2.995591977097845,1.2853680883002596,0.996999941766262,1.152282635316151,66.02093180982763,0.6117038494052761,44,1,1,0,1,False,2
000256,6,67,41,51.810174209557424,-21.426517346975228,1.108999989926815,-0.37706822795174727,0.12164174939695974,0.396203437298345,2.0279128193473115,1.0437306379502524,1.9799999743700027,-1.5214097166993252,-87.17035567706557,0.5864321465074994,34,6,2,0,2,False,2
000253,3,68,30,58.26286170939698,-21.436752972631524,0.6385000161826611,0.0,0.0,0.0,3.769497413799927,0.6983009911607618,1.0610000267624855,0.056858089448203954,3.2577285565594063,0.5676111719405161,32,1,1,0,1,False,1
000253,3,69,33,47.449876411423894,-23.148683776924415,0.2370000183582306,0.0,0.0,0.0,4.294542587738331,0.5693710008207402,1.5640000700950623,-1.4247198034581443,-81.63043172685981,0.6287097136788985,50,1,1,0,1,False,2
000256,6,69,29,47.27383679387923,-25.673465697347524,1.4014999866485596,-0.026405942631700083,-0.37871728806346633,0.37963674490809657,2.7750317962471502,0.8607551838099039,1.3229999542236328,-1.241835267635227,-71.15191968599754,0.6453406743839143,58,6,2,0,2,False,2
000253,3,70,36,50.26968614018368,22.30049145696994,0.2510000057518482,0.0,0.0,0.0,2.9849642356171464,1.2243874530222012,0.2600000128149986,-1.399741184921917,-80.19926230666675,0.42795607933386426,30,1,1,0,1,False,1
000253,3,71,38,32.67688056112884,22.133282907552132,0.11150000616908073,0.0,0.0,0.0,6.273805238121401,3.600721820824425,0.45100001245737076,-0.5629897970425118,-32.25693927946273,0.7769428793791637,81,1,1,0,1,False,1
000253,3,72,42,36.332952426200606,19.49537026488197,-0.9865000061690807,0.0,0.0,0.0,2.997684246876994,0.4030836582872227,1.747000016272068,0.02411061592670047,1.381436534060841,0.6497899757732905,63,1,1,0,1,False,1
000253,3,73,51,11.119225057349608,-14.12703531487086,-0.5884999930858612,0.0,0.0,0.0,7.713944328104315,1.1229925556837856,0.3269999623298645,-0.013724978589405376,-0.7863833470803461,0.5998899262626828,84,1,1,0,1,False,1
000253,3,74,52,3.5097312477196843,-14.082683383321772,-0.5630000084638596,0.0,0.0,0.0,5.2994704571598845,1.4195205938049582,0.42600002884864807,0.025029093382236956,1.4340614158409966,0.7257581006280817,86,1,1,0,1,False,2
000254,4,74,35,3.6258361702119073,-12.492437713740028,-0.3485000282526016,0.052247215121500365,0.7156105513117849,0.7175153187470696,3.9772876349848287,1.6851272017340237,1.4890000522136688,1.3400792159043822,76.78088328452172,0.9435590231198793,159,2,2,0,2,False,2
000254,4,75,5,9.046802833411057,11.91361602759584,0.26650001108646393,0.0,0.0,0.0,1.8648090958910006,0.2448503600890519,0.9350000321865082,-1.5690569490981396,-89.90034099899664,0.4373357106462572,35,1,1,0,1,False,1
000254,4,76,7,0.6139334567641329,-8.645584756881773,-0.3580000102519989,0.0,0.0,0.0,3.5983448031303467,1.3362550526973664,1.8060000538825989,1.5334218685760683,87.8586012824731,0.9314106405792405,168,1,1,0,1,False,1
000254,4,77,10,17.71170920849035,-11.42989191248033,-0.10100001096725464,0.0,0.0,0.0,8.505981107285963,3.4800500931810587,2.1720000505447388,1.1844605419018233,67.86459005075287,0.8833333333333333,694,1,1,0,1,False,1
000254,4,78,13,22.580636754380905,-8.249461755079974,-0.03049999475479126,0.0,0.0,0.0,3.114021402785747,0.49095939102257047,2.1790000200271606,0.01620186094434893,0.9282982523690361,0.8812317036712258,144,1,1,0,1,False,3
000255,5,78,27,23.226411283263307,-10.085990609888507,-0.156000018119812,0.29059853799708096,-0.8264379846638397,0.8760406684516819,3.0862078100479327,0.894163533592394,2.490000009536743,-0.030838712720586973,-1.7669280845060382,0.7629902456050968,87,2,2,0,2,False,3
000258,8,78,22,25.533520821931408,-11.387711962063383,0.13700002431869507,0.5058956266986097,-0.6497990943913433,0.8235103206302814,1.9062935784072321,0.7330720166149589,2.0800000429153442,-0.37928160572660724,-21.73123525507951,0.6458217134504378,59,7,3,0,3,False,3
000254,4,79,14,19.829517079009488,-6.544581480002736,-0.15950000286102295,0.0,0.0,0.0,0.4025534733158137,0.2576608052885702,2.1449999809265137,0.5278226014631299,30.24200739545301,0.4411334086925215,37,1,1,0,1,False,2
000255,5,79,99,20.15321214566413,-4.625054658012257,-1.1379999816417694,0.14566277999458951,0.8637870698957157,0.8759827324752345,0.9271001823073426,0.5658468403750534,0.6259999871253967,1.0571937180437179,60.57273817164858,0.5387930125861465,30,2,2,0,2,False,2
000254,4,80,15,26.866755940422856,-8.198248318473784,0.018500030040740967,0.0,0.0,0.0,4.106295024963574,0.8553935324208086,2.3109999895095825,-0.2952573136656531,-16.916997943412248,0.8175290400397479,102,1,1,0,1,False,3
000255,5,80,50,24.954257938388892,-8.29494313080138,-0.15299999713897705,-0.8606241009152835,-0.04351266554741846,0.8617233866730563,2.552673345657958,0.993407542777485,2.509999990463257,-1.5172850998201113,-86.9340325377782,0.6353858871042888,44,2,2,0,2,False,3
000256,6,80,34,22.159966324180367,-7.171686709900623,-0.06299999356269836,-1.7307744818972424,0.48153342335426064,1.796511827123312,2.0808455374642323,0.5519697603799963,2.1179999709129333,1.2875063713501738,73.76868117456824,0.6642347413213305,67,3,3,0,3,False,3
000254,4,81,17,36.96425357553196,-9.100549468774755,0.25550001859664917,0.0,0.0,0.0,3.7583351754403536,1.345403611065704,2.5770000219345093,0.39019319794708035,22.3564234370804,0.8064470566607815,82,1,1,0,1,False,4
000255,5,81,31,35.40951703582805,-11.92297857196805,0.14850002527236938,-0.6996314428667595,-1.2700930964369828,1.4500415957705166,2.131518265766197,1.9690108477103594,2.708999991416931,0.20847793550351224,11.944905825951833,0.7594473846684566,71,2,2,0,2,False,4
000256,6,81,52,33.54014844470946,-15.814919983061616,-0.33799999952316284,-1.2260131595800847,-2.449924838032445,2.73956930546972,5.482933273422771,1.5505174666869568,1.3339999914169312,-0.19754075841218258,-11.318251738831474,0.7848918591501746,80,3,3,0,3,False,4
000259,9,81,36,27.05275861762539,-23.324261718610337,0.6749999709427357,-1.6474157118316568,-2.473859921250153,2.972198081817162,2.452083024878199,1.1539040677933947,1.5199999436736107,-0.6106246129712701,-34.98621319006312,0.5788913542991804,31,8,4,0,4,False,4
000254,4,82,18,29.24404803286397,-6.24128916738764,0.13599997758865356,0.0,0.0,0.0,0.3508128378880542,0.3144265713186466,2.1699999570846558,1.322184551402196,75.75559453274388,0.4270059195751007,32,1,1,0,1,False,3
000255,5,82,32,25.828617037833727,-6.546498517577918,-0.0964999794960022,-1.5369439477636087,-0.13734420758562516,1.5430684138833604,0.4790631734020425,0.5101259640351984,2.419000029563904,0.40100401790297785,22.975837793629136,0.45030404314492534,39,2,2,0,2,False,3
000256,6,82,61,26.261886475150202,-8.498712881572143,-0.6030000150203705,-0.6503479244775707,-0.9540357779694948,1.154615385536735,0.40383331329557465,0.3434878885784207,0.8460000157356262,1.346430335031118,77.1447756056685,0.3944334917309351,21,3,3,0,3,False,3
000254,4,83,19,63.03369896440925,-6.789766517690106,1.2365000396966934,0.0,0.0,0.0,6.2921420008898234,0.946472515690783,2.2550000846385956,-1.5499960672363022,-88.8082329145159,0.875899603180247,105,1,1,0,1,False,1
000254,4,84,21,45.438098369150474,-1.45412298340921,0.958500012755394,0.0,0.0,0.0,2.452188024078574,2.0755006629608577,1.645000010728836,1.4307416163998237,81.9754561934353,0.6770613374798141,52,1,1,0,1,False,1
000254,4,85,34,40.26356664704169,10.658324684806272,0.2370000034570694,0.0,0.0,0.0,2.769142775593705,0.33812063443961743,1.2460000216960907,-0.02208684844062742,-1.2654831983930548,0.4923657763651741,32,1,1,0,1,False,1
000254,4,86,36,13.425541811726118,-11.439869240047923,-0.1550000011920929,0.0,0.0,0.0,4.411784432149492,2.2504897913555286,1.9100000262260437,1.2954162152150355,74.22188184463226,1.0,264,1,1,0,1,False,2
000255,5,86,23,17.53182268109979,-10.729099705196834,-0.2294999659061432,1.847826391218152,0.3198462906829899,1.8753037145342528,2.120478346364128,2.051774002403592,2.2889999747276306,1.1378864233301313,65.19608962205307,0.7262213533088021,64,2,2,0,2,False,2
000254,4,87,41,59.746134153565976,-7.17698439527279,-0.12099999189376831,0.0,0.0,0.0,4.678305647835634,0.33086799016133883,1.0360000133514404,1.566809618163624,89.7715784212797,0.5707482800723547,58,1,1,0,1,False,1
000254,4,88,43,4.161573955757969,-26.822885453229137,-0.17999999225139618,0.0,0.0,0.0,0.8844374199732188,0.8816078487397911,0.9479999840259552,-0.17566236821128342,-10.064712317779577,0.5255012519109109,24,1,1,0,1,False,2
000255,5,88,58,4.535432905975429,-26.00135669090944,-0.14899998903274536,0.16823652759785682,0.369687943043864,0.4061683203429185,1.3513483114467812,0.7099435059204207,2.52400004863739,0.2035125312498078,11.660409118638265,0.5498442094977599,27,2,2,0,2,False,2
000254,4,89,51,33.948871203336445,-2.620801694346547,-0.7834999859333038,0.0,0.0,0.0,3.1776438539073277,0.8391502848625005,1.0289999842643738,1.5069251336164677,86.34045019841125,0.6100093062061762,47,1,1,0,1,False,1
000254,4,90,52,20.578159161048,-3.3240575715426077,-0.8324999809265137,0.0,0.0,0.0,5.521917239968502,3.5105691583521788,0.9249999523162842,-0.013201048765382936,-0.7563643794028283,1.0,169,1,1,0,1,False,2
000255,5,90,98,17.963530238708035,-6.593237150708692,-1.1040000021457672,-1.1765830150529837,-1.4711308106247378,1.8837657639103031,2.2059823119537842,1.549981966464471,0.6860000491142273,0.7113735308934215,40.75870097751233,0.5691327996742421,34,2,2,0,2,False,2
000254,4,91,54,15.133278260361292,3.328448808492682,-0.9090000241994858,0.0,0.0,0.0,3.936474019056593,1.74487398236423,1.1580000221729279,-0.05646534306417218,-3.2352258463353616,0.9245677949115928,188,1,1,0,1,False,1
000254,4,92,55,20.640786677471997,6.214576574936037,-0.9805000126361847,0.0,0.0,0.0,2.4334455553231646,0.9992695168444377,0.953000009059906,0.39820859996718255,22.815672143932893,0.5802968622468219,38,1,1,0,1,False,3
000256,6,92,2,16.972888298006062,4.867891421384481,-0.20400002598762512,-0.8252771353798354,-0.3030041595490999,0.8791438283266303,1.0077344265803105,1.304584290332242,1.9820000529289246,-1.5474945158650482,-88.66490457870788,0.7144282962378768,84,4,2,0,2,False,3
000258,8,92,51,18.17280992566914,6.481695658420872,-0.9570000022649765,-0.18392005823471724,0.19645366558118288,0.26911081461239167,3.3320329860988838,1.6848542094512338,1.0560000240802765,-0.11138319163186877,-6.381786789202949,0.7484356431708403,85,7,3,0,3,False,3
000255,5,93,5,30.785327150494727,14.248086764530534,0.041499972343444824,0.0,0.0,0.0,2.9162000029220083,2.0029618277578605,2.6389999389648438,-0.32424277558628944,-18.577742578701873,0.8087966240958848,75,1,1,0,1,False,3
000256,6,93,48,35.02108240136652,14.545289050150696,-0.2294999659061432,1.906089862892307,0.13374102852907316,1.9107760800608815,3.2138840490281,1.6996083449562303,1.6309999823570251,-0.46611899411224056,-26.706651113514653,0.9049512265352659,130,2,2,0,2,False,3
000257,7,93,2,35.24907098934863,13.903430462758154,0.36299997568130493,1.1509442891827188,-0.2152787986356539,1.1709046579223794,0.9619019668156825,0.6178070407733347,2.277999997138977,0.8463119647549406,48.49010373188258,0.5255485174204537,22,3,3,0,3,False,3
000255,5,94,6,22.742832860618794,13.154069343877659,0.27800002694129944,0.0,0.0,0.0,2.407450365877882,1.8957272108577476,1.7320000529289246,1.0922570258104822,62.58171772245246,0.6983915421557456,61,1,1,0,1,False,3
000256,6,94,50,23.59844279055632,16.178588870523562,-0.42650002241134644,0.3850244684718864,1.3610337869906564,1.4144457609439063,4.2531574178854274,1.6161199768639687,1.4550000429153442,-0.21658334337530072,-12.40931148823743,0.9437603755620676,168,2,2,0,2,False,3
000259,9,94,8,24.796937678278073,19.942074840704848,0.3149999976158142,0.39153769081780065,1.313091478372054,1.3702229723312342,2.0142387843037457,1.3277013179977066,1.9420000314712524,0.004152147119522712,0.23790050586605319,0.6358319686477127,48,7,3,0,3,False,3
000255,5,95,7,16.31274013463827,11.500907578107528,-0.5330000221729279,0.0,0.0,0.0,7.848817477394862,4.991432032592003,2.952000081539154,1.5172740834820215,86.93340134809996,0.8833333333333333,641,1,1,0,1,False,2
000258,8,95,8,16.970161069314727,14.560196526898924,-0.32099997997283936,0.09861314020146884,0.4588933423187093,0.46936941852322533,2.3075508511000535,2.0757577249014743,2.6419999599456787,-0.7289673170231438,-41.76675066840123,0.9686402426289606,185,6,2,0,2,False,2
000255,5,96,8,28.131837789897254,22.403275188232737,0.05849999189376831,0.0,0.0,0.0,2.314939025113219,1.4444859800153083,2.8109999895095825,0.5016555944949983,28.742748333689658,0.6666935629843372,45,1,1,0,1,False,1
000255,5,97,9,29.571917790762623,26.773757978027405,0.12449997663497925,0.0,0.0,0.0,4.449291404395883,2.8450787566402473,2.912999987602234,0.43667226266623566,25.01947768120341,1.0,152,1,1,0,1,False,4
000256,6,97,8,32.016687176362346,23.619219090200165,0.3774999976158142,1.1001462235198756,-1.4195424995222579,1.7959461631894602,4.445153833751922,2.4829093184052526,2.3869999647140503,-0.9201417198203532,-52.720237099615325,1.0,160,2,2,0,2,False,4
000259,9,97,5,37.05761883363036,19.630090362220937,0.24900001287460327,1.3612201715261332,-1.3791176839341261,1.9377528071220704,3.0001977164828455,2.009007873113234,2.7559999227523804,-0.4756381242306405,-27.252057093934837,0.8257142857142857,79,7,3,0,3,False,4
000260,10,97,3,37.33028524559171,16.455984230816178,0.7445000186562538,0.8713709797219822,-2.1868624852959107,2.3540719857082224,5.7748565210315075,3.531128011533223,1.7370000332593918,-1.2306104254253358,-70.50878360167047,1.0,269,8,4,0,4,False,4
000255,5,98,14,5.240012509382785,22.364303668442084,-0.19750002026557922,0.0,0.0,0.0,2.209185783965911,0.617417809820175,2.3670000433921814,-1.2407742376799002,-71.09112714762037,0.6231249483902201,50,1,1,0,1,False,5
000256,6,98,18,7.466005472152126,24.735005708390418,0.703499972820282,1.0016968332462035,1.0668159179767502,1.4633840058522058,2.573566998918693,1.6987343798051175,0.8309999704360962,-1.3826488295583819,-79.2199424823984,0.6612019628133761,62,2,2,0,2,False,5
000257,7,98,11,7.416429841591927,24.938420523996932,-0.0040000081062316895,0.5286242245333221,0.6782854219101441,0.8599503964411426,1.9729340253152037,2.1915844312700314,2.224000096321106,0.7283558635110681,41.73171696279084,0.8344380218360045,103,3,3,0,3,False,5
000258,8,98,13,6.437937721280262,23.653436703694346,0.6684999912977219,-0.14957813064692188,-0.20518573708558407,0.2539188923085127,3.4643304702202924,1.702521982230953,0.7750000059604645,-0.029766780740147138,-1.7055109061017357,0.638567659986947,51,4,4,0,4,False,5
000259,9,98,18,9.642953483512615,22.188457119018164,-0.06599998474121094,1.3599891211487518,-0.7720929685013533,1.5638727447117258,7.903715726495898,4.394237819516604,2.181999921798706,-1.00105496874235,-57.3562247695372,1.0,448,5,5,0,5,False,5
000255,5,99,15,4.956270951864894,26.204527215285367,-0.171999990940094,0.0,0.0,0.0,1.9368680874684325,0.8638993764182527,2.6179999113082886,0.8136075970433612,46.616281490365154,0.6739251953106462,64,1,1,0,1,False,2
000256,6,99,19,1.8789488945803645,25.62287257717738,-0.040499985218048096,-1.3847949257780383,-0.2617445871485946,1.4093144487168898,3.859738374176419,2.4889233052312347,2.277000069618225,0.11762778843872866,6.739575830996891,1.0,211,2,2,0,2,False,2
000255,5,100,16,4.490185797006514,32.072323224326226,0.33799999952316284,0.0,0.0,0.0,1.3348922158641887,0.9916395771179268,1.965999960899353,0.48357859560728006,27.70701259116072,0.5429694626345551,24,1,1,0,1,False,1
000255,5,101,19,3.445538443611484,-28.780138153405517,0.6924999877810478,0.0,0.0,0.0,1.6598133656729566,1.9386647358190485,1.0629999786615372,0.6058882456866124,34.7148393344284,0.5620676031381163,28,1,1,0,1,False,1
000255,5,102,20,10.59827736845457,-14.495395647750675,-0.2985000014305115,0.0,0.0,0.0,6.538148819079663,4.5491987527012325,2.353000044822693,1.2128892674234975,69.49343604008065,0.8833333333333333,302,1,1,0,1,False,1
000255,5,103,21,17.313585939107593,-19.275953085737036,-0.15299999713897705,0.0,0.0,0.0,2.60644963718489,1.788940722601656,2.5220000743865967,-0.6425651859982561,-36.81627321973881,0.7745314143108706,75,1,1,0,1,False,3
000258,8,103,48,16.506885100682222,-18.965637598832906,-0.5099999881349504,-0.12100512576380565,0.046547323035619564,0.12964911778680463,2.5481746038112685,1.2956289573837843,1.0299999760463834,1.291067203241009,73.9727018134687,0.6333085719620739,53,6,2,0,2,False,3
000259,9,103,34,16.29918651944549,-17.920284530729482,0.4570000022649765,-0.1600171807266218,0.4960099083161314,0.5211826237274929,1.9931806120662479,0.8621228721316376,1.1780000030994415,-0.9979707839676141,-57.17951399870633,0.5461200682647417,27,7,3,0,3,False,3
000255,5,104,24,20.96042352719213,-11.930893503616577,-0.13999998569488525,0.0,0.0,0.0,1.2569127104401505,0.92772810997713,2.3459999561309814,1.406468359126674,80.58470099664859,0.5670748945629484,32,1,1,0,1,False,1
000255,5,105,25,27.129637871136,-14.244187455893313,-0.04250001907348633,0.0,0.0,0.0,1.6324026528952698,0.5774029553431587,2.6089999675750732,0.6569079084187209,37.63805068115911,0.6130542842967603,49,1,1,0,1,False,2
000257,7,105,23,31.0152449920423,-14.72772445064497,0.1274999976158142,0.8742616022039175,-0.10879582381912302,0.8810050399223847,0.545655606816303,0.42788521304388083,2.4929999113082886,0.5983676493012251,34.283940902124364,0.5383139604895935,29,4,2,0,2,False,2
000255,5,106,26,17.690685934625094,-8.34302369173373,-0.1915000081062317,0.0,0.0,0.0,0.7182549867614498,0.5999388009170885,2.1230000257492065,-1.1995539200628806,-68.72937691797638,0.5871478650728421,45,1,1,0,1,False,2
000256,6,106,30,15.505241040449118,-7.756506946537057,-0.1459999978542328,-0.9834502023791892,0.26393253533850314,1.0182507961056935,0.6403002978063814,0.38501070565113277,1.8759999871253967,-0.009093683245964634,-0.5210296702226004,0.5629071424737772,38,2,2,0,2,False,2
000255,5,107,28,28.03706928200753,-11.840153453757914,0.23899999260902405,0.0,0.0,0.0,0.8503934116118528,0.3142487054437413,2.012000024318695,-0.06291967057775566,-3.6050315724588615,0.5207550065043848,23,1,1,0,1,False,2
000258,8,107,23,28.946347160614945,-9.044799850086914,0.03549998998641968,0.13639168179111233,0.41930304055064993,0.44092826023836124,1.854953908464701,0.9064973420046547,2.3730000257492065,0.43315516360358974,24.817962748784378,0.6616940749937256,61,6,2,0,2,False,2
000255,5,108,29,35.35798920289875,-13.97953275409762,0.11900001764297485,0.0,0.0,0.0,0.7355688824156967,0.35769412922922034,2.7519999742507935,1.2637558856702646,72.40787858372356,0.5682167750738591,39,1,1,0,1,False,1
000255,5,109,33,42.15124358657013,-7.105852064021883,1.1659999787807465,0.0,0.0,0.0,2.498601847867656,2.4874888162752335,1.0539999604225159,-1.2895762814068843,-73.88727828478945,0.6314143789797004,42,1,1,0,1,False,1
000255,5,110,34,53.85021617119215,10.78242030724326,0.9220000505447388,0.0,0.0,0.0,0.6868241849554082,0.34803381312550596,2.2980000972747803,-1.38108461976027,-79.13031986269357,0.512292633135892,20,1,1,0,1,False,1
000255,5,111,39,4.906641357202455,28.84717271157373,-0.11500000953674316,0.0,0.0,0.0,0.7651332762948464,0.27737751353930284,2.631999969482422,-1.3599513573495718,-77.9194731192181,0.520951079797333,23,1,1,0,1,False,3
000257,7,111,40,1.12897881294787,26.629366200605677,-0.013000011444091797,-0.8499740724572815,-0.4990064649678119,0.9856284167622645,2.0013669099898426,0.5781570345988186,2.252000093460083,0.04710103430949428,2.69869047663491,0.594429366768399,42,4,2,0,2,False,3
000259,9,111,96,2.4346256543705183,26.102737165867243,-0.8944999873638153,-0.17371520053140904,-0.39294508854844423,0.429631020190596,2.1908819708938205,1.2495819782690196,0.8169999718666077,0.01571032482093641,0.9001353070192771,0.5852546820749565,40,7,3,0,3,False,3
000255,5,112,40,24.521403321198733,-15.205843728226075,0.04899996519088745,0.0,0.0,0.0,0.5826187601489221,0.33505080852966407,2.271999955177307,0.8569088978681366,49.097263275051134,0.5170150494608116,22,1,1,0,1,False,3
000257,7,112,38,24.442799790267827,-14.691656755570468,-0.025499999523162842,-0.01768579445945377,0.1156920688475114,0.11703607187478296,0.6232260571964909,0.3293205266977266,2.39300000667572,-0.10925580820215172,-6.259896697274097,0.5231758851365668,24,4,2,0,2,False,3
000259,9,112,37,23.526218888758095,-17.358058327586704,0.492499977350235,-0.21595788979238933,-0.5363097158375216,0.5781573500919148,1.372054367326781,0.9490650481628646,1.4009999632835388,1.2752324204653958,73.0654355909196,0.5442460306077871,27,7,3,0,3,False,3
000255,5,113,42,29.776536826157546,-17.347221960751725,0.11500000953674316,0.0,0.0,0.0,2.3336181072326516,1.1467600230696917,2.490000009536743,0.6640012305342899,38.04446810110802,0.5981844942660794,30,1,1,0,1,False,2
000256,6,113,44,30.73202287716982,-16.950608414915617,0.5754999965429306,0.42996872295552246,0.17847609562624828,0.46553927807435597,2.2555558811098546,1.1065214100826117,0.8490000069141388,0.5699633949135432,32.65649700549424,0.5384366030028844,24,2,2,0,2,False,2
000255,5,114,43,42.42265112886001,-9.52902393231221,0.24650001525878906,0.0,0.0,0.0,2.0600964679238594,1.5053774283697448,2.8889999389648438,-1.5191494603292819,-87.04085252644454,0.6654232488443711,46,1,1,0,1,False,5
000258,8,114,26,38.687491676083404,-9.311580189650998,0.24650001525878906,-0.560273917916491,0.03261656139918179,0.5612225077230968,3.8535170474354743,0.6398201060796226,2.743000030517578,-0.04621291752566738,-2.647805133206896,0.7476890718619547,82,6,2,0,2,False,5
000259,9,114,53,40.99771148345673,-10.909609235351926,0.6275000274181366,0.7314482584639279,-0.7011739617958676,1.0132430505611305,2.188260569082091,1.2940447860581992,2.0330000519752502,0.4386266845166942,25.13145780462283,0.589684856127087,30,7,3,0,3,False,5
000261,11,114,17,41.965318395413796,-10.309314757424424,0.6365000009536743,0.6200080973454994,-0.2505794214540392,0.6687302051128148,3.0678925681679132,2.3606004542592984,2.0989999771118164,0.5017871228635461,28.750284354093687,0.7639389008478922,60,10,4,0,4,False,5
000262,12,114,9,45.4643934432962,-8.703736685192606,0.6960000097751617,1.9155882250871077,0.5846914507045966,2.0028335778639774,6.661300768052957,0.7548215672226123,2.3540000319480896,0.06784323129505718,3.8871308217366427,0.7323923110423038,81,11,5,0,5,False,5
000255,5,115,45,17.37611840356849,-12.88383114857627,-0.2135000228881836,0.0,0.0,0.0,1.2117313092480568,0.9781022673128514,2.325000047683716,0.22109706979503413,12.667928961964849,0.5701193087471722,33,1,1,0,1,False,2
000258,8,115,43,18.778540024465368,-10.7666532163384,-0.11950001120567322,0.21036324313453159,0.31757668983568055,0.3809299778030945,1.6213612437222682,0.6593275561488775,2.099000036716461,-1.4634761952946267,-83.85100940824553,0.5881789334428448,41,6,2,0,2,False,2
000255,5,116,48,28.2229137733075,-10.340813356187521,-0.04649996757507324,0.0,0.0,0.0,1.6752331558603009,0.7115455205025971,2.493000030517578,0.049155227174674736,2.816387058115636,0.5778593839700004,35,1,1,0,1,False,2
000257,7,116,41,30.711776929596972,-10.48663925899009,0.12599998712539673,0.5599942101651312,-0.03281082813057803,0.5609546023174098,0.6368379597144436,0.24145383883579913,2.356000065803528,-0.2457316331913503,-14.079385474721228,0.3938725185229004,20,4,2,0,2,False,2
000255,5,117,49,31.446641904769887,-11.943185768148426,0.03349998593330383,0.0,0.0,0.0,2.8629917023818523,2.061186977056909,1.8690000176429749,-0.04714163487451625,-2.7010167176565156,0.6819708386655189,45,1,1,0,1,False,2
000258,8,117,24,30.68851682520027,-9.043738460768827,0.03049999475479126,-0.11371876193544243,0.43491709610693985,0.44953847143734316,1.1102191408207205,0.9899708842847192,2.541000008583069,1.300800758006975,74.530393421218,0.5961822566297991,42,6,2,0,2,False,2
000255,5,118,51,39.007562788053,-12.682536048535937,0.4715000092983246,0.0,0.0,0.0,0.9790461404329418,0.740274015264097,2.2509999871253967,0.4745799464003767,27.191427970286412,0.5252947518044764,21,1,1,0,1,False,1
000255,5,119,54,19.904471849566214,16.12446557439328,-0.06849998235702515,0.0,0.0,0.0,1.4616423251792767,0.6346394516197386,2.3149999380111694,1.4422350298840048,82.63398027827763,0.5329893057943365,22,1,1,0,1,False,2
000257,7,119,5,23.38319568879252,17.536138751222595,0.13449996709823608,0.7827128638259185,0.3176264647865957,0.8447046811350115,0.5238491007610852,0.472513874008941,2.1369999647140503,0.302198513247748,17.314699384224255,0.5263875994117727,25,4,2,0,2,False,2
000255,5,120,55,22.48333321387687,22.51756975917731,-0.20750001072883606,0.0,0.0,0.0,2.1591902114944515,1.7949804407476135,2.341000020503998,-1.5280199381510038,-87.5490934678936,0.8036310248756416,94,1,1,0,1,False,2
000256,6,120,10,22.604839823213904,25.51798295790076,0.3070000410079956,0.054677974201666216,1.3501859394255524,1.3512926225970672,7.074819146658182,4.499896202536291,2.2760000228881836,-1.2767188463324288,-73.15060151965967,1.0,416,2,2,0,2,False,2
000255,5,121,59,5.948403181696921,-20.727661301391926,-0.3709999620914459,0.0,0.0,0.0,4.3669954765509935,2.459860376214394,2.209999978542328,-0.8915336780901959,-51.081117048343174,0.8657142857142857,93,1,1,0,1,False,1
000255,5,122,60,14.843404104397663,-17.715814729833752,-0.2084999978542328,0.0,0.0,0.0,2.213146391940261,1.3862727871184546,2.3929999470710754,0.9792523207045414,56.107025054761586,0.7016863561030321,64,1,1,0,1,False,1
000255,5,123,62,22.70185084591318,-17.52245943539733,-0.04800000786781311,0.0,0.0,0.0,1.7856518156586811,0.6880606279042598,2.0940000414848328,-0.5780514233882084,-33.119906901674184,0.5426911034526519,24,1,1,0,1,False,1
000255,5,124,63,35.93774428095293,-17.727708903940034,0.11699998378753662,0.0,0.0,0.0,0.5228049740891229,0.3544934083681123,2.3940000534057617,-0.9830968102580693,-56.327298080560865,0.5170166637223177,22,1,1,0,1,False,1
000255,5,125,70,15.865969180078421,-21.43273395065731,-0.39799997210502625,0.0,0.0,0.0,2.448730884562282,1.0630439755312355,2.0239999890327454,-0.24029008884635933,-13.767607949719967,0.6308225571216546,46,1,1,0,1,False,5
000256,6,125,39,12.108835653925897,-20.820862615409666,0.37450001388788223,-1.6907100867686355,0.27534210086143884,1.71298390827468,1.5220502915911194,1.4333835881047867,1.0150000303983688,-0.38070004359722087,-21.812505758567195,0.5364743532440976,23,2,2,0,2,False,5
000259,9,125,30,7.064256949630447,-18.909763546908355,0.09000000357627869,-1.6865773533670672,0.43810301574898813,1.7425491158928688,2.6187778169027305,1.3204518060057988,1.6259999871253967,0.006464564874354206,0.37039228368901533,0.6884267139273704,65,7,3,0,3,False,5
000262,12,125,23,1.5892110430755986,-13.948714667520335,-0.3450000286102295,-1.748874430335114,0.9851139905701465,2.0072397334391843,1.719680712881007,1.4039453888144753,1.5520000457763672,-0.27245195798391614,-15.610347312554028,0.5879857589863143,36,12,4,0,4,False,5
000263,13,125,6,2.5344992036797733,-12.561305101655408,-0.06549999117851257,-0.5365012644124341,1.1661469994527973,1.2836403043878386,1.8047232490057703,1.1706526732930365,1.4150000214576721,0.5478567553633519,31.38987986005129,0.6837406264128251,72,13,5,0,5,False,5
000255,5,126,75,1.71401835639649,-21.73565178062891,-0.23649999499320984,0.0,0.0,0.0,0.6034173081365799,0.5123834841903818,2.352999985218048,0.8187358743072094,46.910110133756554,0.5139631981064159,20,1,1,0,1,False,2
000257,7,126,14,5.994533332231455,-21.0404095465202,-0.22850000858306885,0.963115869562867,0.15642950267446007,0.9757368331219316,0.8407918612850704,0.29869356695469496,2.3550000190734863,-0.7918500115131561,-45.36966366708949,0.549830395216882,33,4,2,0,2,False,2
000255,5,127,84,46.56175192048787,-6.360499081586445,-0.7389999777078629,0.0,0.0,0.0,1.8511993180075796,1.0312107185484294,0.5919999778270721,0.7711154575898598,44.18166123719819,0.5205948196160679,21,1,1,0,1,False,1
000255,5,128,85,8.593793898289844,19.41721004327179,-0.9269999563694,0.0,0.0,0.0,3.3069407773000643,2.130424866890226,2.391999900341034,0.966074917071616,55.3520154416546,0.76,56,1,1,0,1,False,3
000256,6,128,16,6.827053529911194,19.6154919890534,-0.1850000023841858,-0.7950331657703923,0.08922687560172413,0.8000244808782652,4.987683270591641,1.6542892149044832,2.222000002861023,-0.19657860403257688,-11.26312435364004,1.0,198,2,2,0,2,False,3
000259,9,128,21,3.080676684418102,19.789299224975025,-0.19999998807907104,-0.9992247679976796,0.07514586696919208,1.0020464252231869,1.4602902017222357,0.8853975470379432,2.1920000314712524,1.071518252536856,61.39347354159497,0.6708555774679672,68,7,3,0,3,False,3
000255,5,129,91,29.61885809910507,-6.360176591940418,-0.9624999761581421,0.0,0.0,0.0,1.7950461996288634,1.248130807303144,0.7730000019073486,-1.0566452013166416,-60.54131047819478,0.597664850406286,46,1,1,0,1,False,3
000258,8,129,45,29.644119328683654,-4.776532659420659,-0.13099999725818634,0.003789184436787884,0.23754658987796376,0.23757680922460742,1.2724241052860406,0.3890493288250776,0.5819999873638153,1.5249300632665785,87.37205667779256,0.5155581815774757,22,6,2,0,2,False,3
000259,9,129,90,27.522455476142333,-0.5842159241519106,-0.429500013589859,-0.952664682203361,2.0171931553038167,2.2308380090275937,1.3912940134075593,0.31427060738577817,0.49900001287460327,1.5427194907160822,88.3913157906033,0.5377597623093255,30,7,3,0,3,False,3
000255,5,130,94,21.783884007620674,-7.739211424704176,-0.9659999907016754,0.0,0.0,0.0,3.781753366252397,3.2380157119829054,0.9039999842643738,0.3446018756861614,19.74423308910891,0.7509224238754724,69,1,1,0,1,False,1
000256,6,131,0,36.53637110244704,3.9027823470612244,0.24050003290176392,0.0,0.0,0.0,0.8476468812482764,0.3100233317195934,2.4290000200271606,-1.1306753344606801,-64.78292466413974,0.5931270852883375,48,1,1,0,1,False,2
000259,9,131,78,35.67202845307358,1.5611196197424047,-0.19700001180171967,-0.12965139740601933,-0.35124940909782293,0.374413718019123,1.5102238235485281,0.2522875494533127,0.6960000097751617,1.5376228883299012,88.09930198401882,0.5353432374979477,29,6,2,0,2,False,2
000256,6,132,1,26.702155306784856,4.343169321224347,0.05149996280670166,0.0,0.0,0.0,1.2505456145828626,0.5672361878427807,2.1449999809265137,-1.075204461260541,-61.60467774386642,0.6414075372320853,62,1,1,0,1,False,1
000256,6,133,3,62.545649912757405,22.081393551551415,1.0729999393224716,0.0,0.0,0.0,3.3475777161997615,1.863921755732254,2.77799990773201,-0.8357964409755165,-47.88760859995212,0.7942857142857143,68,1,1,0,1,False,2
000257,7,133,27,66.13372712295204,22.118962334789952,1.1194999814033508,1.6146347445875848,0.016905952457341833,1.6147232486274252,2.775504618512106,1.27038109319215,2.9329999685287476,-0.5793019953864805,-33.191559399152425,0.7012382809202545,54,2,2,0,2,False,2
000256,6,134,5,42.84456634578733,20.50942845712929,1.5625,0.0,0.0,0.0,2.2361316612148894,1.6889211563657254,0.556999921798706,-0.05889304853619441,-3.3743231237830504,0.5525783346780788,29,1,1,0,1,False,1
000256,6,135,7,35.44809574571802,22.43277309522947,0.7595000043511391,0.0,0.0,0.0,2.1024906518744277,1.969544469423886,1.7670000046491623,-0.5763658752556486,-33.02333210751235,0.6414545485892964,43,1,1,0,1,False,1
000256,6,136,11,19.303519975298038,17.740117985375182,-0.039999961853027344,0.0,0.0,0.0,3.5966020654856328,3.233329916940311,2.3320000171661377,1.3481667255171383,77.24426345210414,1.0,174,1,1,0,1,False,2
000259,9,136,10,21.039439388699513,17.998951965704887,-0.20099997520446777,0.2603879120102213,0.03882509704945569,0.2632665054311741,3.5375088664453473,3.2244798749040635,2.753999948501587,-0.5949241954656049,-34.08664553039519,1.0,234,6,2,0,2,False,2
000256,6,137,12,17.595110578209887,24.523614437301724,0.0885000228881836,0.0,0.0,0.0,3.9195442145658532,1.9370055379196343,2.384999990463257,0.3118127384471548,17.86555391143859,0.9028571428571428,106,1,1,0,1,False,3
000257,7,137,47,15.061979635854817,22.702045549389766,-0.3685000240802765,-1.1399089240597815,-0.8197059995603811,1.4040335754056639,1.319967640807958,0.6111675289343507,1.3210000395774841,0.25420404201269964,14.564818742493953,0.537133597301105,27,2,2,0,2,False,3
000259,9,137,80,15.229969085652602,22.38302865219466,-0.41599999368190765,-0.5891522820283782,-0.5226171016271084,0.7875462185372774,2.6485055540602778,1.087011971759197,1.1599999964237213,-0.2018953932474372,-11.567753936212211,0.6413086599377854,56,5,3,0,3,False,3
000256,6,138,17,9.739486183589355,24.470166279139573,0.23800000548362732,0.0,0.0,0.0,1.6455278307952808,2.0868404660696416,1.7800000309944153,-1.447571117563203,-82.93971558140744,0.6473041094632976,49,1,1,0,1,False,1
000256,6,139,20,1.9334943607690689,-27.688705464278108,0.8899999856948853,0.0,0.0,0.0,3.8008938425535987,0.2623684027636484,0.5239999294281006,0.05612435894376056,3.215688895354795,0.5263274849874418,46,1,1,0,1,False,1
000256,6,140,23,10.371213824458422,-27.30119935827282,0.9300000071525574,0.0,0.0,0.0,3.350171861471014,0.2656425394794754,0.5640000104904175,0.0674386088068629,3.8639476608670287,0.47184845813153065,27,1,1,0,1,False,1
000256,6,141,26,20.039887170758835,-19.581774607292804,0.895499974489212,0.0,0.0,0.0,3.209091900597726,1.9451987281321248,0.5550000071525574,1.0267239453257702,58.826948792187316,0.6310510079588542,52,1,1,0,1,False,1
000256,6,142,27,24.538427238042093,-21.093008309495215,1.0239999890327454,0.0,0.0,0.0,5.619511727377011,3.435914695338024,0.7359999418258667,-0.5754041204128777,-32.96822761409531,0.7975120279359414,75,1,1,0,1,False,1
000256,6,143,28,32.27413972607033,-19.97446930123134,1.2865000367164612,0.0,0.0,0.0,2.3850070339736176,1.3596041024332868,0.45899999141693115,0.3198256733375992,18.324661262174175,0.5725250226349229,38,1,1,0,1,False,1
000256,6,144,33,45.55692804862544,-17.848256261563893,1.7114999890327454,0.0,0.0,0.0,2.1680096128923765,1.0600825784432402,0.340999960899353,1.1975841149232507,68.6165153970124,0.4121091833337963,25,1,1,0,1,False,1
000256,6,145,36,61.98218229524898,25.627010785129375,1.6969999969005585,0.0,0.0,0.0,3.389051050725161,1.498629821010926,1.6459999680519104,1.3867085519196045,79.45254743969133,0.6340885685793709,37,1,1,0,1,False,2
000257,7,145,45,62.4835239741021,27.845184702871435,0.04500000178813934,0.22560375548390216,0.9981782629839271,1.0233557051104225,3.139647136169727,1.457093273930275,0.7619999945163727,1.115873719304472,63.934854585712145,0.5683952181181586,30,2,2,0,2,False,2
000256,6,146,37,42.01383570370333,33.96846603855814,1.5350000262260437,0.0,0.0,0.0,1.9529687291988687,1.0984643383203765,1.0260001420974731,-0.9766284660373518,-55.956689256275915,0.5306347850324217,21,1,1,0,1,False,1
000256,6,147,43,40.63566159677547,22.272045695417166,0.9404999911785126,0.0,0.0,0.0,2.1814632657836905,1.0679892002293139,1.612999975681305,0.9577353459869267,54.874193215552566,0.5709449151524764,30,1,1,0,1,False,2
000259,9,147,48,39.17701212811447,24.242891825611675,1.052499994635582,-0.2187974202991501,0.29562691952917636,0.3677874205024868,2.996721259435496,1.6478932106827404,1.405000001192093,-0.42409955500105617,-24.299114594936842,0.6036177909508118,31,6,2,0,2,False,2
000256,6,148,45,46.748415208311464,-10.419118555752185,0.5135000348091125,0.0,0.0,0.0,0.42222950264364845,0.294095685081331,2.6330000162124634,0.9063186805339483,51.9282352884608,0.4049699657841771,24,1,1,0,1,False,1
000256,6,149,46,58.20374582440012,-12.009379423161038,0.79749995470047,0.0,0.0,0.0,0.4187221601080224,0.20343599053733086,2.848999857902527,1.4649749117744233,83.93687953722458,0.2760847125907667,20,1,1,0,1,False,1
000256,6,150,49,63.959415830105854,21.945427894895232,0.04549999535083771,0.0,0.0,0.0,2.2682028695127507,1.1522049439616078,0.7529999911785126,-0.886976504549444,-50.820010237949404,0.531306357239141,22,1,1,0,1,False,1
000256,6,151,53,38.919596196895874,-16.42158774788158,-0.3059999942779541,0.0,0.0,0.0,4.4451879274977895,1.8027224770400039,1.2860000133514404,0.030392405907941775,1.7413565877735324,0.6923263250269073,51,1,1,0,1,False,2
000259,9,151,38,38.202836581995946,-18.0719727260057,0.6469999849796295,-0.10751394223498918,-0.24755774671861785,0.26989643520303847,3.033334832821079,2.327588966766994,2.0419999957084656,1.512185271463189,86.64183389668541,0.7851617030883413,70,6,2,0,2,False,2
000256,6,152,59,47.78398840701317,-17.676721532620377,-0.5380000099539757,0.0,0.0,0.0,2.7704725473216776,1.1667833452763414,0.6980000287294388,0.07617061505693834,4.364254765678208,0.5511529425232602,28,1,1,0,1,False,2
000257,7,152,24,49.5000413691092,-15.80719296479067,1.3614999949932098,0.772223832943213,0.8412878555233683,1.141969747417424,1.6545299701740843,1.6455843544148552,1.2709999680519104,-0.21573341309904484,-12.360614070527578,0.5481565833268626,23,2,2,0,2,False,2
000256,6,153,62,8.41570446895552,16.50494663425707,-0.7405000105500221,0.0,0.0,0.0,3.982815389168544,1.5592444734736366,1.1170000284910202,-0.007310469343118838,-0.4188590396204847,0.9150322605516173,156,1,1,0,1,False,4
000257,7,153,9,9.924688105128405,13.572216169963355,-0.2239999771118164,0.6790426362777985,-1.3197287089321719,1.484177471552132,1.5974809394879816,0.9148791295701759,1.9679999351501465,1.3107617685755446,75.10111728648224,0.7455361390556505,94,2,2,0,2,False,4
000258,8,153,11,12.583964407162608,16.117451174093834,-0.359499990940094,1.57014778586818,0.4195049619460208,1.6252225947740453,5.2729868407253715,3.0484445691311706,2.5570000410079956,-1.1281744068899626,-64.63963206946973,1.0,521,3,3,0,3,False,4
000259,9,153,11,16.659937853841033,18.7851975713488,-0.26499998569488525,2.6977693332327903,1.431213607835046,3.0539043479754735,7.134032845239958,3.0287459949968984,2.7720000743865967,-0.1938139355414244,-11.104720517344202,1.0,357,4,4,0,4,False,4
000256,6,154,64,2.9830160980993496,17.0098176435173,-0.7109999880194664,0.0,0.0,0.0,3.9349202460985957,1.6152087790551048,1.1179999858140945,0.006098855492471437,0.34943867957879454,0.9166158655743566,156,1,1,0,1,False,2
000258,8,154,12,3.9739574478546813,14.142914149673922,0.4935000091791153,0.2229618036949496,-0.6450532861147603,0.6824996028089365,4.501673379193329,1.7572339059373554,0.48100003600120544,-0.1690059126957604,-9.68332551022353,0.7885285253289762,106,4,2,0,2,False,2
000256,6,155,66,12.00904238701449,27.57130185466172,-0.7650000005960464,0.0,0.0,0.0,2.239937357021154,1.7462927855414685,0.6739999949932098,0.4108363131720191,23.539186815471645,0.5461449081046156,25,1,1,0,1,False,3
000259,9,155,14,14.067636495837839,24.71868940770237,0.14600002765655518,0.30878911632350214,-0.42789186704390225,0.527676196395257,6.899263979397345,2.6812266001704668,2.2100000381469727,0.17802414786939308,10.20003232432911,1.0,274,6,2,0,2,False,3
000260,10,155,11,12.3299619942602,23.306047975133673,0.40050001442432404,-0.612119511732011,-0.8710291715300602,1.064604205467637,3.352406824988565,1.6822226999140386,1.445000022649765,-1.3805169418520087,-79.09779431442738,0.6921118188479872,58,7,3,0,3,False,3
000256,6,156,68,12.739428497768818,16.533938018467545,-0.9154999852180481,0.0,0.0,0.0,1.9246627200263133,0.9787954060630923,0.6269999742507935,-0.8310470350844403,-47.615487687198886,0.5925020828011994,46,1,1,0,1,False,2
000257,7,156,8,13.815067009299122,15.367169343536567,-0.08750000596046448,0.48403733018863676,-0.5250459037189401,0.7141185742075205,0.7569289707584032,0.4658885271500023,1.9890000224113464,-1.4405752391018312,-82.53888127158437,0.5937185755631764,48,2,2,0,2,False,2
000257,7,157,0,9.216640343753946,2.747316254043836,-0.3605000078678131,0.0,0.0,0.0,0.6295272803503695,0.5564381451211151,1.7950000166893005,-1.2807443529486329,-73.38124605917015,0.5958947743138585,49,1,1,0,1,False,1
000257,7,158,6,32.39185894534459,25.7614708683619,0.47099998593330383,0.0,0.0,0.0,0.8234633513294831,0.4120294939221484,2.269999921321869,-0.43820749988163155,-25.10744029419701,0.5429348260567683,30,1,1,0,1,False,2
000258,8,158,33,34.961352309912506,28.40822829262012,-0.28200000524520874,1.1562720140555631,1.1910408409161983,1.6599829081103437,2.227508678786504,0.6417165760879481,3.0200001001358032,1.3913922625210149,79.72090428961283,0.6761850024860924,65,2,2,0,2,False,2
000257,7,159,7,24.892740462821262,26.977480372910367,0.5695000141859055,0.0,0.0,0.0,0.7632265879753491,0.4504460484131323,1.7550000250339508,0.251924622955613,14.434217650781202,0.5213707451360495,23,1,1,0,1,False,1
000257,7,160,16,7.52246447537255,-14.689946788382365,-0.3149999678134918,0.0,0.0,0.0,0.6879847050238143,0.3415997040300448,2.1839999556541443,-0.8622548244897141,-49.403562308054155,0.5490976539217914,33,1,1,0,1,False,1
000257,7,161,17,6.590353891763892,-11.105036571548105,-0.3944999873638153,0.0,0.0,0.0,0.39185904277591765,0.33112421377681184,2.0929999947547913,-0.4287991090557202,-24.568379207862687,0.4415936361524002,37,1,1,0,1,False,2
000258,8,161,38,3.5362216134062785,-11.300467890553469,-0.26650001108646393,-1.3743595252609262,-0.0879440935524136,1.3771703846170211,0.688484095145731,0.40006507466420094,1.3050000369548798,-1.1211878475597745,-64.2393317065322,0.516226960128317,22,2,2,0,2,False,2
000257,7,162,25,54.39853560810343,-14.673304626284866,0.7475000023841858,0.0,0.0,0.0,6.82989721039027,2.7341913324721743,2.7489999532699585,0.4345084626289163,24.895501071354758,1.0,160,1,1,0,1,False,3
000259,9,162,43,53.817161129477064,-12.79594506402951,1.236999973654747,-0.1308092576909322,0.42240590150745494,0.44219657113774463,3.043875187314165,1.905457821579943,1.7179999649524689,0.9956407661490834,57.046013811514236,0.6977015723443124,54,4,2,0,2,False,3
000261,11,162,34,51.118130026519346,-10.458536425415497,0.702500008046627,-0.6792270898954993,0.7582401895172531,1.0179772220669128,2.117090827152313,1.090871606257573,1.8250000029802322,-0.30306127334473404,-17.364131896513854,0.5695136614234894,28,7,3,0,3,False,3
000257,7,163,26,59.43603064963296,-13.257218076114386,0.9854999780654907,0.0,0.0,0.0,2.7151869871322436,1.446541211093829,2.5369999408721924,0.2616019234193756,14.98868612443479,0.6834162195766195,49,1,1,0,1,False,1
000257,7,164,29,14.353477806432139,17.40941740937323,-0.05300000309944153,0.0,0.0,0.0,0.5726851641931153,0.235008322321296,2.0580000281333923,0.8432845063443674,48.316643142305345,0.4045014263264838,24,1,1,0,1,False,2
000258,8,164,9,17.70889553751356,17.143966156764726,0.0065000057220458984,1.509937978986639,-0.11945306367382659,1.5146556489206777,0.5032717231782476,0.3057384074163749,2.0810000896453857,-0.6481005792697566,-37.13342789214091,0.510144754953963,20,2,2,0,2,False,2
000257,7,165,37,1.418245876727224,-30.312138900625712,-0.12050002813339233,0.0,0.0,0.0,0.7564635227577803,0.5528682264374609,2.041000008583069,0.1237068180929905,7.087878573720967,0.5294310386766993,25,1,1,0,1,False,1
000257,7,166,39,30.210850909877603,-0.09618470818582457,0.13599997758865356,0.0,0.0,0.0,0.7078141346026929,0.40447328648735303,2.1999999284744263,-1.364605218348099,-78.18611971287424,0.5387619132933463,29,1,1,0,1,False,1
000257,7,167,43,64.5933514981875,-12.423212250822777,0.25049999356269836,0.0,0.0,0.0,3.797236661512149,1.1102170311160473,1.946999967098236,0.4660197882310966,26.700967035222227,0.6640935919159296,48,1,1,0,1,False,3
000259,9,167,46,63.40611182448299,-9.841147629954254,1.2415000461041927,-0.2671289265835149,0.5809645396954177,0.639435422698156,1.9619729382970965,0.8948253465992921,2.2710000947117805,1.2573256699961233,72.03945436423639,0.6159497435030796,45,4,2,0,2,False,3
000261,11,167,19,63.41927808435082,-11.939292603078417,1.628999948501587,-0.14395850115067138,-0.1525521221204571,0.20975271158438621,1.2864119066718214,0.7438950699489435,1.5339999198913574,0.7568335593181815,43.36336874279584,0.5266193580675634,22,7,3,0,3,False,3
000257,7,168,46,49.89057054112388,26.0140823400708,0.23899999260902405,0.0,0.0,0.0,1.3622078843273175,0.812339261965963,1.6500000357627869,-1.1372286250353523,-65.15840055599132,0.5671173315885812,35,1,1,0,1,False,1
000257,7,169,49,41.08736364597913,-6.396465101444455,-0.27250000834465027,0.0,0.0,0.0,1.7534878291532738,0.4231637070113512,1.2210000157356262,1.5489515821355178,88.74838832647664,0.6013508662721387,50,1,1,0,1,False,3
000259,9,169,47,40.89536048588035,-3.8876564795805537,0.6120000183582306,-0.043200711022225134,0.5644819399193777,0.5661326363388439,1.8324540906036213,0.4963468636284991,1.9660000205039978,1.4666629165093419,84.03359508433353,0.6467638273434076,63,4,2,0,2,False,3
000261,11,169,22,39.04870087137113,-1.0862970488695924,0.10500001907348633,-0.43925880432679854,0.940770938865624,1.0382669486180884,4.549156834110221,1.4103794234812448,2.815999984741211,1.4515979413504692,83.17043558926069,1.0,173,7,3,0,3,False,3
000257,7,170,52,23.159726183401173,14.091246395785213,-0.5925000086426735,0.0,0.0,0.0,1.0436814259387392,0.2208640978475992,0.8410000056028366,-0.5214163013116336,-29.874953434478257,0.3980079173333716,22,1,1,0,1,False,3
000258,8,170,6,21.566874235167962,10.204687339639284,0.7989999949932098,-0.7167833767049447,-1.748951575265668,1.890134921571686,1.0830165261321256,0.5353400907360976,0.46199995279312134,-0.697104853782918,-39.94116599984556,0.5096540383900174,20,2,2,0,2,False,3
000260,10,170,31,19.429329497078196,9.204986565987317,-0.6150000020861626,-0.8751784232579168,-1.18685604046781,1.4746404759571539,0.8166093082835564,0.5210119509267211,1.575999990105629,0.658850406472632,37.74934762136059,0.5162862188713481,21,5,3,0,3,False,3
000257,7,171,70,8.517698136398437,-10.794018553927996,-1.0124999582767487,0.0,0.0,0.0,1.442851545508455,0.9966317217185305,0.890999972820282,0.2467869743235477,14.139852067542698,0.5305831519556957,24,1,1,0,1,False,2
000258,8,171,20,10.617939378710593,-10.335937551655284,-0.25,0.9451085590404704,0.20613645102272027,0.9673274651387692,1.6437909751064796,0.8316615798146407,1.9119999408721924,0.08604060505324805,4.929763536303097,0.6859334402221832,74,2,2,0,2,False,2
000258,8,172,0,66.23489747780211,3.5939569268004625,1.4454999566078186,0.0,0.0,0.0,2.761652746763163,1.8450223855520766,2.0649999380111694,-1.5169328057198506,-86.9138475726859,0.6857848932613719,48,1,1,0,1,False,1
000258,8,173,18,3.2123305856283375,-5.2966368136569315,-0.4245000183582306,0.0,0.0,0.0,0.7580176622589343,0.4314596834821184,1.6930000185966492,0.4686435517817764,26.85129761311644,0.692333818368472,83,1,1,0,1,False,1
000258,8,174,19,19.78854769685163,-24.170539876336147,0.48250000178813934,0.0,0.0,0.0,7.365791431703976,2.0590731392983868,1.7550000250339508,1.5258778355338265,87.42636002864542,1.0,239,1,1,0,1,False,1
000258,8,175,25,34.29452771992323,-9.118430904993648,0.09049999713897705,0.0,0.0,0.0,4.607492455680327,0.8763859064294364,2.760999917984009,-0.0042363285327175005,-0.24272374555556145,0.9345195876704167,133,1,1,0,1,False,1
000258,8,176,27,26.820454472862806,-5.477301104088985,0.23399996757507324,0.0,0.0,0.0,0.7938667129286519,0.4057809452295551,1.805999994277954,1.3625749630209516,78.06979465129474,0.5440255934528622,31,1,1,0,1,False,1
000258,8,177,31,50.233815976972494,1.1797285923700738,0.7454999908804893,0.0,0.0,0.0,1.654710121097592,0.2629901671453978,1.2329999953508377,1.1261503949500706,64.52366472762982,0.5150303219979383,21,1,1,0,1,False,1
000258,8,178,32,50.85468519891134,5.067568826590684,1.0530000030994415,0.0,0.0,0.0,1.7047554675412493,0.9185411381927887,0.6600000262260437,-1.410508832239803,-80.81620305326697,0.5168317896979905,20,1,1,0,1,False,1
000258,8,179,36,63.69623029344325,2.0643944205112383,0.09700000286102295,0.0,0.0,0.0,7.079463499324127,2.042646545685943,3.140000104904175,-1.26556318641467,-72.51142928868883,1.0,144,1,1,0,1,False,1
000258,8,180,37,28.649135774547478,29.078893331617067,-0.25850000977516174,0.0,0.0,0.0,3.923995540786742,2.755435901084919,2.1730000376701355,-1.2944199969392662,-74.16480274195689,0.94,119,1,1,0,1,False,3
000259,9,180,63,27.698593179238046,28.98836731070761,0.2355000078678131,-0.4277441678892445,-0.04073670940925602,0.4296795930187474,1.6695049689827393,1.1552099075014817,1.1769999861717224,-1.359398475763551,-77.88779533776861,0.5398526404210131,24,2,2,0,2,False,3
000260,10,180,36,28.368208489483553,29.924388692677713,-0.9670000299811363,0.066067597271394,0.39880443171145585,0.4042399066914502,3.3892088629158783,2.327219510675448,1.6960000544786453,-0.13866991588670077,-7.945200925742079,0.889695902879479,110,3,3,0,3,False,3
000258,8,181,39,6.817522200340306,-8.662238749435362,-0.4544999897480011,0.0,0.0,0.0,2.5098314500695005,1.1373083022202277,1.5389999747276306,-0.33900071445663027,-19.423310190284468,0.8197558202545749,115,1,1,0,1,False,3
000259,9,181,82,7.137919998861609,-13.136239547336773,-0.37199999392032623,0.144179009334586,-2.0133003590556346,2.018456321674128,1.3646691429438098,1.2551141645803092,1.1099999845027924,0.9674217386035501,55.429182631191765,0.547823986789726,28,2,2,0,2,False,3
000261,11,181,11,9.264022355789987,-19.095681164173847,0.4935000091791153,0.5576714854429073,-2.448189561268941,2.510902151335712,1.6454011866279128,1.3878304337105785,0.8990000188350677,1.4379030820247007,82.38577794886878,0.5349602284960414,23,5,3,0,3,False,3
000258,8,182,41,30.17932502214068,31.271419786145565,-0.027500003576278687,0.0,0.0,0.0,2.074375676081891,0.8277742108471563,1.8130000233650208,-0.49867903753558873,-28.572204182435197,0.5448998698075906,23,1,1,0,1,False,2
000259,9,182,12,29.39837277485177,31.86767128433625,1.440500020980835,-0.3514285112800104,0.2683131741858085,0.4421469868518256,3.0557840173018773,1.68437372004311,0.5550000667572021,0.1991647977488529,11.41130233858591,0.591066630062104,40,2,2,0,2,False,2
000258,8,183,42,14.80278233117244,-32.228082463251056,-0.27699999511241913,0.0,0.0,0.0,3.349357663417659,1.6263718551812358,1.1979999840259552,1.2959156285957771,74.25049612358113,0.5997514275242987,31,1,1,0,1,False,2
000259,9,183,29,10.899397391864236,-30.46863168359726,0.242000013589859,-1.7565232226886915,0.7917528508442084,1.9267190788136703,2.5658264755041253,1.5008028575009822,2.1000000834465027,-0.5398351409407005,-30.930275208752096,0.6429554793729302,41,2,2,0,2,False,2
000258,8,184,49,25.338756916840783,-4.171031632026202,-0.8365000188350677,0.0,0.0,0.0,2.148932294503107,1.5270208777798895,1.0170000195503235,1.1058187744951558,63.35874868490134,0.6584295706328473,62,1,1,0,1,False,3
000260,10,184,61,21.26184523612566,-4.903554740447409,-1.4259999990463257,-0.9173051281609028,-0.1648176993947715,0.9319944056613622,1.815843351404916,1.2473579705427371,0.5639998912811279,1.4067869429898536,80.60295450742977,0.5334047919279663,25,4,2,0,2,False,3
000262,12,184,11,19.234839315090557,-6.0779498961921306,0.07400000095367432,-0.9605941527213944,-0.3548886447096867,1.0240542350805506,1.9173340229041957,0.5087346266690227,1.6019999980926514,-0.25930755462160765,-14.857228475676184,0.5532209306955229,31,7,3,0,3,False,3
000258,8,185,53,2.5282370685807387,-8.711775202516156,-0.7095000222325325,0.0,0.0,0.0,5.142807382104779,1.3088056960733732,1.027000054717064,-0.1065632385907042,-6.105623822492973,0.9148062927332749,241,1,1,0,1,False,2
000261,11,185,27,1.4929609022959565,-9.919042777809308,-0.29749999940395355,-0.15529142494271733,-0.18109013629397272,0.238556207472598,2.99521071764761,1.968996555708915,1.5369999706745148,-0.01729358087237422,-0.9908491966552112,0.9349801460477862,345,6,2,0,2,False,2
000258,8,186,55,16.700210057791494,9.253433908871507,-1.0699999928474426,0.0,0.0,0.0,2.3834725314678424,0.30360800574867375,0.8639999628067017,-0.20206931884305246,-11.577719138790265,0.5272900660467361,25,1,1,0,1,False,1
000259,9,187,0,54.3615802259948,8.987428859538182,1.1070000492036343,0.0,0.0,0.0,2.1111642778515853,1.17940687684102,1.9740001037716866,1.3229404959096782,75.79890696256871,0.6332219724232491,48,1,1,0,1,False,1
000259,9,188,1,51.195632429869555,18.202270269088288,1.2204999476671219,0.0,0.0,0.0,2.3176816078076747,1.8163916685749086,1.686999887228012,1.265308963955185,72.49686341470291,0.6222951771556607,37,1,1,0,1,False,2
000260,10,188,1,50.90831764900611,16.56063086097845,1.210999995470047,-0.12929165138855117,-0.7387377336494274,0.7499665127432498,3.045972156339027,2.349499886781986,1.6700000166893005,1.101269725307813,63.098107365669186,0.7134727015941159,53,2,2,0,2,False,2
000259,9,189,2,46.92118838168482,19.36104088632029,0.8695000112056732,0.0,0.0,0.0,1.7742722242537416,1.1255749063567353,2.1290000081062317,-0.8470766913882422,-48.533919340452,0.615574680494981,44,1,1,0,1,False,1
000259,9,190,3,40.882902731875376,18.781673295169718,0.3955000042915344,0.0,0.0,0.0,1.3038085938360977,1.383071138332838,2.718999981880188,-1.082480680716332,-62.02157440949423,0.6302519393356989,47,1,1,0,1,False,2
000261,11,190,1,38.338672155028064,19.373542387617114,0.3644999861717224,-0.5724518797906452,0.13317054580066418,0.5877376531622677,1.5171809209982188,0.4606124907521174,2.590999960899353,-0.5167383724430747,-29.606927853447424,0.586975077524807,42,4,2,0,2,False,2
000259,9,191,4,43.8988449719094,22.094613709901527,0.849500022828579,0.0,0.0,0.0,0.8618659533543999,0.8203601758927005,2.063000038266182,0.19159615679871775,10.97765115549328,0.5551031769509703,32,1,1,0,1,False,1
000259,9,192,7,29.276158186335355,19.90304506902706,0.03949999809265137,0.0,0.0,0.0,6.519109055451541,4.024077256316138,2.805000066757202,-0.4476173514492856,-25.64658507486815,1.0,333,1,1,0,1,False,1
000259,9,193,15,17.785184027619565,30.80533894466787,0.7855000123381615,0.0,0.0,0.0,1.975802475767372,1.229910113945826,1.2670000344514847,-0.4389166811463245,-25.148073387573664,0.561721693524038,29,1,1,0,1,False,2
000261,11,193,30,19.494690413226547,31.915420224598826,0.24299997091293335,0.38463893676157096,0.24976828798446504,0.45861891517442066,2.040060024482009,1.2033201121297137,1.6699999570846558,-0.9153081468762335,-52.443293769948646,0.5741479557879661,30,4,2,0,2,False,2
000259,9,194,17,13.453489770618612,26.731654272237364,0.5054999813437462,0.0,0.0,0.0,1.7632737184613847,0.4619184297226335,1.4309999495744705,-0.17674466337987713,-10.126723263127396,0.5523554450328491,32,1,1,0,1,False,2
000261,11,194,5,13.815160702247036,25.576157858606003,-0.14550000429153442,0.08137595961639547,-0.2599866930670563,0.27242453519357057,1.0853791218012177,0.834048911131783,2.652999997138977,-0.8340260071511485,-47.786170213908626,0.6182297812130202,51,4,2,0,2,False,2
000259,9,195,19,6.329497142568995,19.161745780272415,-0.14249998331069946,0.0,0.0,0.0,4.985091605650792,4.225015075377685,2.162999987602234,-0.1240355697705757,-7.106714657354444,1.0,267,1,1,0,1,False,4
000260,10,195,10,9.388566524536351,16.537369560214913,-0.4025000333786011,1.3765812218853102,-1.180969299025876,1.8137431862556845,4.2610943771988,3.960913490453126,2.575000047683716,0.28101547141212985,16.10100048979428,1.0,310,2,2,0,2,False,4
000263,13,195,15,14.693980214107597,12.956714956713682,0.014999985694885254,1.5529317254726074,-1.1866313049894164,1.9544029262053961,3.8017079034063617,2.232478323784566,1.75,-1.4892463133800846,-85.32752841209603,0.9892436251890769,160,7,3,0,3,False,4
000264,14,195,33,14.061510631985438,14.960922626749111,-0.7364999800920486,0.5695011370549626,0.2492462337717638,0.6216552341582141,3.616963615354062,1.409638696486524,1.0149999558925629,-0.1603682903676268,-9.188426205793508,0.8442307622384105,121,8,4,0,4,False,4
000259,9,196,22,1.8937201706079119,22.849040425583837,-0.12849998474121094,0.0,0.0,0.0,4.893474720237069,3.37535290369168,2.36899995803833,-0.5214231755126846,-29.875347297186,1.0,356,1,1,0,1,False,1
000259,9,197,24,1.9611803656451454,-25.542650756098524,-0.05149996280670166,0.0,0.0,0.0,5.888257691274893,3.1303016282966327,2.3910000324249268,1.3992828490566382,80.1730015959868,1.0,199,1,1,0,1,False,2
000261,11,197,9,1.09124849535324,-23.620809071583388,-0.5075000524520874,-0.19573467081567872,0.43241437901590574,0.4746517213063,5.536975124894853,2.775926899153764,3.187000036239624,-1.2604235264018693,-72.2169484618232,1.0,186,4,2,0,2,False,2
000259,9,198,31,9.71322204365025,-26.57732579398457,0.0015000104904174805,0.0,0.0,0.0,4.428223776901941,2.899877755835843,2.2750000953674316,1.379908723404687,79.06294596437384,0.9314285714285715,116,1,1,0,1,False,1
000259,9,199,35,20.162923721429323,-18.7258022618816,0.13899999856948853,0.0,0.0,0.0,1.9717597762748662,0.959416205115967,2.0019999742507935,1.3345384825051088,76.46342264533618,0.6055055624227595,42,1,1,0,1,False,1
000259,9,200,40,45.750233795088825,-20.00122685238926,1.1294999867677689,0.0,0.0,0.0,3.107768839141581,1.457307539236393,1.5309999883174896,1.2746254491547626,73.0306586965348,0.6378620860764711,43,1,1,0,1,False,1
000259,9,201,42,33.05645637284975,-9.789694100427715,1.054999977350235,0.0,0.0,0.0,1.192041352711037,1.1000480090482263,0.6439999938011169,-0.7230833589564009,-41.4296247043449,0.5179169900761901,21,1,1,0,1,False,4
000262,12,201,14,30.817089072837966,-7.230702309034768,0.2239999920129776,-0.3359050950017678,0.38384876870894197,0.5100706912649633,0.8811726809277232,0.4929121675656194,0.9239999949932098,-1.2117800484891514,-69.42988247658663,0.519476762320847,23,6,2,0,2,False,4
000264,14,201,15,30.85350586444508,-5.626969481719151,0.14649999141693115,-0.17655402413937185,0.5719567089359321,0.5985865019666151,2.0064516151039946,0.46007361600538826,2.263000011444092,0.24204927478567007,13.868401879421228,0.6067273284586971,48,9,3,0,3,False,4
000265,15,201,22,29.48485085245752,-7.93294176982148,-0.35450002551078796,-0.7129994686710563,-0.7231113397312855,1.0155088635620977,1.8874729759448097,1.2490550050057552,1.3130000233650208,-1.353693171951935,-77.5609055085231,0.6218772035549822,50,10,4,0,4,False,4
000259,9,202,45,55.12471416077525,-10.142303309173997,1.1130000576376915,0.0,0.0,0.0,1.6618802991873243,1.1772659748249414,1.9880001097917557,1.410984144872218,80.84343646105361,0.6150352358292678,45,1,1,0,1,False,2
000262,12,202,13,57.40705046239254,-9.373515590466106,0.9710000231862068,0.3423504452425938,0.11531815780618367,0.3612507506948796,1.4583980290889669,1.4751315443476296,1.708000048995018,0.019963627935117377,1.1438316244516962,0.5415910127335117,20,6,2,0,2,False,2
000259,9,203,55,31.076825523141203,34.85574895134014,0.5244999974966049,0.0,0.0,0.0,1.6357985740672785,1.1728491774741046,1.9410000145435333,-1.0010630692807243,-57.35668889619783,0.5591972383145044,26,1,1,0,1,False,1
000259,9,204,58,59.82189511256643,17.79327440949799,0.8740000277757645,0.0,0.0,0.0,1.9372992618634166,1.578070767850888,1.5300000607967377,1.0656361534063974,61.056454086742114,0.5709945044534939,27,1,1,0,1,False,2
000260,10,204,0,64.08367180990388,17.043211296789742,1.4475000202655792,1.9177995138018504,-0.33752840071871115,1.947275120888249,5.6461931332172774,2.7868570816190372,2.071000039577484,1.4726053671336934,84.37407242507375,0.8885714285714286,101,2,2,0,2,False,2
000259,9,205,62,25.017523300345044,25.435654960900674,0.31550002098083496,0.0,0.0,0.0,3.45806860425858,1.9800453047670743,1.749000072479248,1.4761792693695777,84.57884193958228,0.7565572947053832,68,1,1,0,1,False,1
000259,9,206,64,20.219672582068007,28.47462324974427,0.47300001606345177,0.0,0.0,0.0,1.2634271547452873,1.1357490342555252,1.08600003272295,1.2061789368946847,69.10896242164189,0.5417523014725725,27,1,1,0,1,False,3
000260,10,206,9,23.231588306081743,31.75015466949308,-0.09150004386901855,1.355362075806181,1.4739891388869655,2.002411131134258,4.046727455174466,2.270852914266558,3.3550000190734863,0.41456818101378434,23.75300709250539,1.0,150,2,2,0,2,False,3
000261,11,206,25,21.486715937580026,34.8521310645352,0.3385000228881836,-0.039743424132373084,2.2065834041567842,2.206941290397619,4.791200108254272,2.8745319622557908,2.384999990463257,0.004522336018706077,0.2591107674118539,0.9171428571428571,111,3,3,0,3,False,3
000259,9,207,72,17.622680741616968,-25.049561881647836,-0.13650000095367432,0.0,0.0,0.0,0.8866691748875812,0.6024140013152547,1.3009999990463257,-0.8541686958458554,-48.94026126416121,0.5165148622926476,21,1,1,0,1,False,1
000259,9,208,81,4.070759165357722,-18.170428681857175,-0.39650001376867294,0.0,0.0,0.0,0.8793613270900287,0.5239450327501995,1.147000029683113,1.5086846476633096,86.44126292728927,0.512097219816899,20,1,1,0,1,False,1
000259,9,209,85,27.48662019516759,8.606428517211782,-0.455999992787838,0.0,0.0,0.0,2.9375392006435783,1.1529010955896837,0.5259999781847,-0.0337425049016544,-1.93330312106429,0.555272053606396,31,1,1,0,1,False,1
000259,9,210,91,0.8598777211758185,19.676126971802773,-0.7710000053048134,0.0,0.0,0.0,1.6227783865927572,1.7274914910700527,1.1220000237226486,-1.5031976775541602,-86.12688269772057,0.6794875896454171,70,1,1,0,1,False,1
000259,9,211,92,11.360233132848217,2.257110062757543,-0.6009999886155128,0.0,0.0,0.0,3.91020315964202,1.832950235508176,1.0419999808073044,-0.31327202748457467,-17.949165014372454,0.8943003742153206,131,1,1,0,1,False,1
000259,9,212,99,9.475387651340458,8.865163156936601,-0.7985000312328339,0.0,0.0,0.0,3.4697658358538246,0.8483120456920121,0.737000048160553,0.1883295460191252,10.790488144510688,0.5789087893539245,38,1,1,0,1,False,1
000259,9,213,102,3.0298030208819733,16.48524257348717,-1.2744999825954437,0.0,0.0,0.0,1.003462954082905,0.9510130437679749,1.0569999814033508,0.5607347580194297,32.12773506080281,0.5423137222597553,29,1,1,0,1,False,1
000259,9,214,114,3.662839795602515,-2.9125364360218495,-1.0139999985694885,0.0,0.0,0.0,7.327924148118886,1.6050527921534328,0.5879999399185181,-0.20350484196531896,-11.659968555089577,0.7976935356765791,99,1,1,0,1,False,2
000262,12,214,39,2.567268289541056,-2.045681775194195,-0.7880000025033951,-0.16433572590921885,0.13002819912414815,0.2095556331325384,4.452027974892984,2.539977674445532,1.2759999930858612,0.1866326325209753,10.693262162867919,0.9852725672764993,247,6,2,0,2,False,2
000260,10,215,19,53.523720916882624,-31.101243339971703,1.5524999797344208,0.0,0.0,0.0,2.337066374958475,1.4054894517410974,1.4549999833106995,0.5181034874040465,29.685143179261274,0.5776628052571772,29,1,1,0,1,False,1
000260,10,216,20,12.623287082194356,-4.502925353280811,-0.5740000009536743,0.0,0.0,0.0,1.1746240208961072,0.8179535862933982,2.4739999771118164,1.251154933369558,71.6858971990474,0.7379985605697272,93,1,1,0,1,False,1
000260,10,217,24,66.4244696998172,-4.768800625059601,0.8615000247955322,0.0,0.0,0.0,1.3884225678972422,0.3814186767291098,2.3610000610351562,1.4728082772448146,84.38569831806151,0.5702931364522642,38,1,1,0,1,False,1
000260,10,218,26,55.4287709905623,-4.849959701118866,0.05450001358985901,0.0,0.0,0.0,1.483628950059779,0.7894072273566018,2.018999993801117,-1.2152800370812675,-69.63041705125882,0.5378826674526662,23,1,1,0,1,False,3
000262,12,218,19,52.6312425010545,-6.173638915366525,0.3994999974966049,-0.6294439101392544,-0.29782782320572326,0.6963483670454418,1.522964182435304,0.7393510686199412,1.2209999859333038,1.4678709194117534,84.10280855228126,0.5457463834337907,29,4,2,0,2,False,3
000265,15,218,14,51.312760043572204,-5.178929572492398,0.5294999778270721,-0.5439665191989345,-0.01459890133202868,0.5441623856253821,1.1615358303504975,0.6416928958970416,2.8369999527931213,0.5236927466034573,30.00538414199218,0.5612525330138828,32,9,3,0,3,False,3
000260,10,219,27,40.228366852263655,9.575297737407713,-0.3934999704360962,0.0,0.0,0.0,3.7139731176511868,0.5247106332277611,1.4609999656677246,-1.2699495104447456,-72.76274714318897,0.5738347948899564,34,1,1,0,1,False,1
000260,10,220,28,30.164822364847005,9.72633112038405,-0.45249998569488525,0.0,0.0,0.0,0.5377574326420962,0.49557457118209375,1.5169999599456787,1.2556098261932551,71.94114375602837,0.5109329712153791,20,1,1,0,1,False,1
000260,10,221,29,52.14008721079711,-30.762548317778265,-0.6734999865293503,0.0,0.0,0.0,2.2670128155701024,1.9616105771957169,2.1469999849796295,-1.4982292258913414,-85.8422113867263,0.6852239828444889,51,1,1,0,1,False,1
000260,10,222,34,44.95486354574143,24.216221475006964,-0.6594999730587006,0.0,0.0,0.0,3.9373512888706914,1.4559006599576332,0.9489999413490295,-0.5876133091478956,-33.6677625998905,0.6667146606618227,58,1,1,0,1,False,1
000260,10,223,35,9.369182601462354,9.109703186645492,-0.4855000227689743,0.0,0.0,0.0,0.6633580980761646,0.2565036229296581,1.179000049829483,1.1042642915046006,63.26968337021766,0.5318807308077651,28,1,1,0,1,False,1
000260,10,224,52,31.954693712242342,19.40784657589548,-1.7705000042915344,0.0,0.0,0.0,2.6232002121097047,1.1676267410025463,0.278999924659729,-0.2537578255994292,-14.539252425264094,0.4070590636472734,23,1,1,0,1,False,1
000261,11,225,0,54.2505970761566,24.571228948710395,0.8199999630451202,0.0,0.0,0.0,3.7648805139127903,2.6763098997190538,2.875999867916107,-0.6743280154990955,-38.63614929553054,0.86,91,1,1,0,1,False,1
000261,11,226,13,8.848193212310184,-4.432761644844376,-0.2815000116825104,0.0,0.0,0.0,5.539780901751652,2.461920560346316,1.6309999823570251,0.18024143765348538,10.327073670915073,0.9571428571428572,125,1,1,0,1,False,3
000262,12,226,37,8.028541126467445,-2.5181556971933667,-0.8440000116825104,-0.3688434386292324,0.8615726764429542,0.9372048650177355,3.7634447329985994,1.818234596190633,1.3540000319480896,0.26839361573527143,15.377821429887055,0.9368611171534239,145,2,2,0,2,False,3
000264,14,226,41,5.646234661068424,-2.5135732595301454,-0.8034999743103981,-0.7388828459608576,0.4748960205178497,0.8783359780624419,3.4458267296515777,1.716427728169522,1.2989999502897263,0.3645662943424414,20.888110018545994,0.9220276703336584,223,5,3,0,3,False,3
000261,11,227,16,20.66398972590094,-5.149913937989129,0.031500011682510376,0.0,0.0,0.0,0.42295938535043154,0.24119853691035636,1.7850000262260437,0.4597404007845228,26.341184636606116,0.30408814623491465,30,1,1,0,1,False,1
000261,11,228,18,47.881020721324326,-10.23419861673959,0.8379999697208405,0.0,0.0,0.0,1.1433390112631945,1.1345172059774802,2.0359999537467957,-0.8112143015973154,-46.47915576217885,0.551901973966509,27,1,1,0,1,False,1
000261,11,229,21,36.502805351598305,-6.095861277933717,0.44199997186660767,0.0,0.0,0.0,0.42434572833258033,0.29336764012437716,2.031999945640564,0.9715133916436564,55.66361708162173,0.4071334259571464,25,1,1,0,1,False,1
000261,11,230,23,60.69602036322824,22.952281918042207,1.2610000260174274,0.0,0.0,0.0,1.2823876952498914,1.3114714087389343,2.312000058591366,-1.0091219538540488,-57.81842896983241,0.5693104795111058,29,1,1,0,1,False,3
000264,14,230,3,61.89437249781891,20.201416532476497,1.0619999766349792,0.17975282018859956,-0.4126298078348565,0.45008269760076935,2.2731720438238865,0.7544810241935374,2.7459999322891235,-0.32500155149630494,-18.62121723594196,0.6112950650704815,41,6,2,0,2,False,3
000266,16,230,3,64.76291498360132,17.08079677116787,1.445999950170517,0.7442861104047727,-0.9290858406036123,1.190446266469674,1.6600439662148627,0.23581039638907453,2.057999908924103,-1.399344440357312,-80.17653051757013,0.4466002656916602,37,9,3,0,3,False,3
000261,11,231,24,49.309499753415416,24.047439417843094,0.554999977350235,0.0,0.0,0.0,0.7703694284014319,0.440647418948572,3.009999930858612,-1.080432229192388,-61.90420678263509,0.5367220304895859,27,1,1,0,1,False,1
000261,11,232,32,13.407241116545123,34.828252651253386,0.1290000081062317,0.0,0.0,0.0,1.8207351060990242,0.7112071079298063,1.846000075340271,-1.4211212099817931,-81.42424750848159,0.5666959201084563,33,1,1,0,1,False,1
000261,11,233,36,22.407128582522116,30.261930708122346,0.22600001096725464,0.0,0.0,0.0,2.591661150844632,1.505830768460564,1.0920000076293945,-0.8225187756372289,-47.12685441428109,0.5785243281110339,31,1,1,0,1,False,1
000261,11,234,38,13.746019814303938,29.108971338894502,-0.06399998068809509,0.0,0.0,0.0,1.7298100976207564,1.1525848055000938,1.171999990940094,-1.3241517199870947,-75.8683049902493,0.5519063591043224,28,1,1,0,1,False,1
000261,11,235,39,12.470774575890063,27.184456178855346,-0.6655000150203705,0.0,0.0,0.0,4.450752705849913,2.5252462796858453,1.9310000538825989,0.1707185527399829,9.781452556582577,1.0,191,1,1,0,1,False,1
000261,11,236,40,16.975606351667118,34.03354564182358,-0.601999968290329,0.0,0.0,0.0,2.072564364885414,1.3238994544576177,1.85999995470047,0.7946391267182351,45.529468196916284,0.5892747481462992,32,1,1,0,1,False,1
000261,11,237,41,51.77322798849557,24.53661657122933,-0.4439999982714653,0.0,0.0,0.0,1.7722373395777589,0.8626882398314033,1.1219999939203262,-0.28472764820035645,-16.313692552566096,0.5232248509775075,20,1,1,0,1,False,2
000264,14,237,6,51.89389244677607,20.101647675637068,1.2449999898672104,0.01809966874207518,-0.6652453343388394,0.6654915122435199,1.6845848375584707,0.8801538655911441,1.7279999554157257,-0.5510932676435105,-31.575318354046644,0.611162497001556,48,6,2,0,2,False,2
000261,11,238,42,43.18455232666333,18.422529165229697,-0.7384999990463257,0.0,0.0,0.0,1.7728176464912346,0.7583108260197544,0.5690000057220459,-0.9033847225689338,-51.760131879796674,0.5200283929646206,22,1,1,0,1,False,1
000261,11,239,43,12.021154053587562,31.939400932070967,-0.7910000048577785,0.0,0.0,0.0,1.4032518161770247,0.7889067308109454,1.4540000036358833,-1.5533513443777258,-89.00047613381619,0.5365188396220384,25,1,1,0,1,False,1
000262,12,240,1,32.31984158428971,10.516211009702587,-0.015999972820281982,0.0,0.0,0.0,6.931719930968287,3.9752782121500814,2.962000012397766,1.4564497776817749,83.44842533393275,1.0,451,1,1,0,1,False,1
000262,12,241,2,42.18791614716276,17.158255500775784,1.2350000143051147,0.0,0.0,0.0,7.864098605756105,0.3373799929947127,1.1779999732971191,0.01972840313160206,1.1303542359734746,0.6278725898069952,73,1,1,0,1,False,1
000262,12,242,7,22.17236656865634,-7.859624497870006,0.5200000181794167,0.0,0.0,0.0,3.3115176782650186,1.8457237661265675,0.9820000380277634,-0.029342235272151355,-1.681186242574171,0.6834128115425474,62,1,1,0,1,False,1
000262,12,243,8,36.097723527536566,-10.667128096949885,0.3895000219345093,0.0,0.0,0.0,5.213120760763623,3.6540266439008624,2.319000005722046,1.2565268714317186,71.99368657781488,1.0,177,1,1,0,1,False,1
000262,12,244,10,45.42059663737138,-2.3949145415036512,0.38750001788139343,0.0,0.0,0.0,2.199038057734337,1.189470034312517,2.74700003862381,1.558479439195646,89.29429432382592,0.7773621892331785,91,1,1,0,1,False,1
000262,12,245,16,55.85646177456597,-8.075707914665339,0.41350002586841583,0.0,0.0,0.0,2.3792996400897337,0.5737872561558913,1.3130000531673431,-1.4576529437336603,-83.51736167075919,0.5782334762581263,39,1,1,0,1,False,1
000262,12,246,17,46.17483980895498,9.299437070110077,0.07499998807907104,0.0,0.0,0.0,1.8596197365011604,0.32558250833696395,1.7239999771118164,-0.06671355461981866,-3.8224051160311046,0.5169285987412311,20,1,1,0,1,False,1
000262,12,247,18,34.70758721139437,14.074959421158237,-0.19450002908706665,0.0,0.0,0.0,2.5082343193044094,1.5056670321997188,2.5570000410079956,-1.4520678236958104,-83.19735786451645,0.7919599343361007,88,1,1,0,1,False,1
000262,12,248,28,21.164704169294453,2.842380241800358,-0.6939999833703041,0.0,0.0,0.0,4.0510972990080765,1.554897438690269,1.227999970316887,-0.33375186414053615,-19.122573219876365,0.839660562762438,111,1,1,0,1,False,2
000264,14,248,30,22.149629293161897,0.4705253492822684,-0.7094999998807907,0.22160815287017505,-0.5336673508165701,0.5778503394012217,1.6817617343274396,1.1523539088519001,0.9030000269412994,1.5280504521610998,87.55084179188812,0.6178348237143423,53,4,2,0,2,False,2
000262,12,249,29,22.241867415401103,-6.096953209054914,-0.5570000037550926,0.0,0.0,0.0,3.1132421429468016,0.7393996036726602,0.8480000048875809,0.1700409435472163,9.742628409677783,0.5997289150867718,46,1,1,0,1,False,2
000265,15,249,23,23.677614742976836,-5.259727927289127,-0.3710000067949295,0.2153620991363599,0.125583792264868,0.2493032743949522,1.0902527937237088,0.5207096995814665,1.3100000321865082,0.16384607654803784,9.387688675979986,0.5569721297163753,35,6,2,0,2,False,2
000262,12,250,30,21.294833452505976,-2.7364202398729507,-0.7260000109672546,0.0,0.0,0.0,2.3664162057050353,1.4863768983286882,1.2580000162124634,0.05444257972855003,3.119330044250408,0.6029117475821995,39,1,1,0,1,False,5
000264,14,250,34,22.847550180927865,-2.2629575330326572,-0.7249999940395355,0.34936126389492483,0.10652910903906601,0.36524203452356974,2.137529161051262,1.7560321575907865,0.9120000004768372,0.8390547293442476,48.074294771916975,0.6678073087573447,65,4,2,0,2,False,5
000266,16,250,19,26.57555579808922,0.29249853481098376,-0.5529999837744981,1.0309499590035134,0.6335686252363055,1.2100690149132685,2.943810450430499,1.8217977847232816,1.1119999676011503,0.6421220355780043,36.79088257096894,0.7573381299988318,88,7,3,0,3,False,5
000267,17,250,69,25.653258020336676,1.4104971676232267,-0.7854999750852585,0.15198847746328786,0.8515621286454773,0.865019396444279,1.316013805360034,1.1340942076824574,0.9009999334812164,1.3133980255151096,75.2521636828314,0.5511782503357013,31,8,4,0,4,False,5
000268,18,250,18,22.61182680693708,-0.011369305847232091,0.02850000187754631,-1.2850503834250089,-0.17148074230669386,1.2964413341616414,1.4868371853744093,1.1582192642055458,0.2850000038743019,1.4788308059832291,84.73076379676893,0.40650595374095544,24,9,5,0,5,False,5
000262,12,251,31,29.257263159387776,-2.0498654831102012,-0.7269999906420708,0.0,0.0,0.0,1.714374254468866,1.0324042594276013,1.0499999672174454,0.6881530231618765,39.42826388634391,0.5674227211438025,35,1,1,0,1,False,3
000264,14,251,18,31.57083165799059,-2.9938523470047564,0.23899999260902405,0.5205529121856327,-0.2123970443762749,0.5622168966197301,2.889708422739444,1.847017565979195,2.137999951839447,1.251144042116449,71.68527317621064,0.9569803506593274,146,4,2,0,2,False,3
000267,17,251,41,33.71664606370928,-2.045850453148825,0.33500003814697266,0.6081762625599012,0.02538190967143851,0.6087056823128062,1.1758378036949069,0.7122709526782813,2.0160000324249268,-1.1894633682978843,-68.15123088888382,0.5658290358833529,35,9,3,0,3,False,3
000262,12,252,34,13.984912441992089,-2.2886794689299843,-0.7779999934136868,0.0,0.0,0.0,4.14353966519402,1.5473846449311144,1.3719999864697456,0.21435524198765074,12.281650682397842,0.9324698428559343,172,1,1,0,1,False,4
000263,13,252,1,14.250877667392823,-0.8985115441087843,-0.546500027179718,0.11968435143033032,0.6255755661695399,0.6369216066091958,5.253977388159106,3.5043070011193165,2.541000008583069,1.3911737040243966,79.70838181017987,1.0,384,2,2,0,2,False,4
000266,16,252,22,15.0681984460332,-1.6937966039080716,-0.5435000248253345,0.1884245100827383,0.2247738024233539,0.2933036962872662,3.7301847396322483,2.0923962867826424,1.2570000514388084,0.4345309141725136,24.89678745004644,0.9419773416919698,172,7,3,0,3,False,4
000267,17,252,68,14.698854833548141,-0.07943155107739103,-0.6935000233352184,-0.06257114507277041,0.8500898651066509,0.8523895394435349,3.3339587098023697,1.9998884060954367,1.2170000448822975,0.5649716537407152,32.370491303869514,0.8517868139771791,114,8,4,0,4,False,4
000262,12,253,36,25.171490555515813,-9.098550690178206,-0.6739999949932098,0.0,0.0,0.0,3.1375281886295987,1.0334963196927278,0.36799997091293335,1.5307797298474426,87.7072178844348,0.5326156227781254,25,1,1,0,1,False,1
000263,13,254,4,1.2202667206371922,7.88506020943654,0.10900001227855682,0.0,0.0,0.0,6.220650647723416,1.581320619902428,0.9180000126361847,1.2921499563926355,74.03473899931139,0.9346583324256375,158,1,1,0,1,False,2
000264,14,254,40,1.9251218237316619,6.129250031588196,-0.8629999831318855,0.3171847963925113,-0.7901145800317548,0.8514031034952334,3.5288226832534315,1.7781025679472826,1.2519999593496323,0.6750938953239455,38.68003097710866,0.9236482169306793,223,2,2,0,2,False,2
000263,13,255,7,20.9919783036429,-20.974287848794766,0.04500001668930054,0.0,0.0,0.0,2.2117347689035265,0.25703993027561206,2.3839999437332153,0.07008776814212091,4.015733310034995,0.5941346388987767,67,1,1,0,1,False,1
000263,13,256,9,18.630862298562125,-16.0563928293858,-0.078000009059906,0.0,0.0,0.0,2.427075815621575,0.6046197033122123,2.27400004863739,1.307349035591909,74.90558208991483,0.7012843679125634,77,1,1,0,1,False,1
000263,13,257,13,4.942927150194321,8.654823643179835,-0.4320000112056732,0.0,0.0,0.0,1.9432134896838809,1.4126452181762714,1.5600000023841858,0.5280876345936992,30.257192675265777,0.8901466670062839,150,1,1,0,1,False,3
000266,16,257,34,2.7005333410716585,10.44685479493785,-1.0384999811649323,-0.3363590713683993,0.26880467276370235,0.43057331198230697,2.5914644208562847,1.8532616114426599,1.0689999461174011,0.7087662314626882,40.609313724204455,0.798131671080801,105,6,2,0,2,False,3
000269,19,257,7,2.4555912434990064,9.563417719153076,-0.3944999873638153,-0.22173880388851747,0.015327008652320118,0.2222678886932134,4.60684231942863,4.323051931054713,1.9749999642372131,-0.29489729842895207,-16.896370589788877,1.0,1009,11,3,0,3,False,3
000263,13,258,14,2.9995402574361405,6.326760586357011,-0.48750001192092896,0.0,0.0,0.0,0.5567033798900219,0.3393758279681778,1.531000018119812,0.5270028699020107,30.195040236667214,0.546997474200708,33,1,1,0,1,False,1
000263,13,259,16,8.297102203136586,-8.332254491870165,-0.31199999153614044,0.0,0.0,0.0,1.2191997903901113,0.670390856162317,1.1099999845027924,-0.6585270172296812,-37.73081878259958,0.572791162614062,40,1,1,0,1,False,4
000265,15,259,18,9.550639176737027,-4.362629752201131,-0.4220000207424164,0.28204581906009935,0.8931655664255326,0.9366400445729004,2.062896441233858,0.7390626699601281,1.5760000348091125,-0.02239022370003267,-1.2828653203656621,0.7010975381504712,80,4,2,0,2,False,4
000266,16,259,30,7.869625796571468,-2.2578238126451637,-0.6649999767541885,-0.6013308205914467,1.438403734334228,1.5590394667037248,3.3012391267443806,1.520792878395566,1.1219999492168427,0.4470137788187869,25.612002910510963,0.8742379634464883,130,5,3,0,3,False,4
000268,18,259,27,8.269860935504642,-0.1542088349264426,-0.6215000096708536,-0.2406790450653316,1.2644354238705375,1.2871376553703282,1.8633237544097132,1.0995233214069757,1.2170000188052654,1.4842913144681658,85.04362788695116,0.7076608761718697,82,8,4,0,4,False,4
000263,13,260,17,11.120388244160395,0.6878891472244221,-0.4820000007748604,0.0,0.0,0.0,0.6002657532879554,0.4036171706152026,1.3419999927282333,1.2946715341506487,74.1792147625596,0.5559052974547701,36,1,1,0,1,False,2
000266,16,260,25,11.276634263996797,3.409919173143859,-0.6599999759346247,0.023436902975460323,0.4083045038879155,0.4089765962940153,1.7153928355825765,0.6258310571838274,1.2339999489486217,-0.04151086314135833,-2.3783972619450027,0.6652767289239706,71,6,2,0,2,False,2
000263,13,261,18,3.2556627561624834,7.642639492899566,-0.5105000138282776,0.0,0.0,0.0,0.4085753540365868,0.3809035327097433,1.409000039100647,0.6603435510972424,37.834898506553415,0.43253193644746857,34,1,1,0,1,False,1
000263,13,262,19,13.264698889115182,1.552554079338456,-0.5424999864771962,0.0,0.0,0.0,1.138647569400448,1.0118826757628312,1.1229999717324972,1.0607944739874682,60.77904629028212,0.7078445567755436,86,1,1,0,1,False,4
000264,14,262,39,9.617095721593879,2.584748398271054,-0.7495000064373016,-1.6414214253845865,0.46448744351966914,1.7058759863773818,3.3683079168914367,1.5958213949875002,1.1190000176429749,-0.22944049021107266,-13.145971738507141,0.9063893955279908,140,2,2,0,2,False,4
000266,16,262,26,9.71245201591534,4.484761100710607,-0.7014999880921096,-0.8813266177391941,0.6829709519847174,1.114982478961225,2.8554636551536303,1.7748430152296026,1.396999976132065,1.043335195756486,59.77870333430221,0.9163749577458861,146,5,3,0,3,False,4
000269,19,262,27,9.09118257280375,7.666893328799127,-0.7524999976158142,-0.5779200562232953,0.8529538578048725,1.030301836807715,4.091185165398597,1.9864867320942077,2.1890000104904175,0.654967546511522,37.526876133148654,1.0,273,10,4,0,4,False,4
000263,13,263,20,0.36291094911143057,4.095527374295252,-0.6039999835193157,0.0,0.0,0.0,0.4994164990357388,0.39950903805896937,1.4079999700188637,0.6098498638070903,34.94182333277433,0.45310987296770155,41,1,1,0,1,False,1
000263,13,264,24,11.167729059820463,4.108599555412451,-0.7704999893903732,0.0,0.0,0.0,2.35510499540242,2.0996668944086396,0.68299999833107,-1.283377040300553,-73.53208793321265,0.8816630431945028,146,1,1,0,1,False,5
000264,14,264,37,11.605102944517302,6.024587469457456,-0.7180000096559525,0.1968182481135777,0.8621945613202523,0.8843737243726321,3.386015530995536,1.8682817231240447,0.9780000150203705,1.1858730643808546,67.94552162726872,0.850858939844475,120,2,2,0,2,False,5
000267,17,264,7,11.912318732044662,10.096236041031414,-0.2524999976158142,0.15433240459157174,1.0849542944622323,1.0958760478170226,2.7559024008369732,2.051641818819048,1.9390000104904175,-1.514421813794396,-86.76997833296593,0.8384956702717865,100,7,3,0,3,False,5
000268,18,264,24,11.928340956092258,10.977371361788128,-0.7189999939873815,0.09209282334678268,0.9932357562947491,0.9974960429467297,4.031857883722126,1.9925322344166938,1.3879999872297049,-0.1387923359319158,-7.952215077660702,0.9545373074959225,237,8,4,0,4,False,5
000269,19,264,33,11.909582906322466,9.40630040967543,-0.16050000488758087,0.04220993044432412,-0.1607022624886022,0.16615322866881124,1.4953573730187106,1.48197077229471,0.8269999921321869,0.28016105043690587,16.052045773986496,0.5757529420325778,38,9,5,0,5,False,5
000263,13,265,29,0.8615401316127685,-1.4147919047572897,-0.5684999823570251,0.0,0.0,0.0,1.3378933945612705,0.7045716959209876,0.468999981880188,0.9090399804618057,52.08415428911628,0.5170018209403892,22,1,1,0,1,False,3
000264,14,265,45,0.8559022183246559,-2.5286642837447793,-0.8959999978542328,-0.0025370609796507124,-0.5012425705443703,0.5012489912252617,2.057274040711096,1.5031105219017311,0.9380000233650208,0.3015107999807236,17.275296316508605,0.6343358611429598,55,2,2,0,2,False,3
000266,16,265,37,0.4951738805429592,-2.816162304512016,-0.6484999880194664,-0.08255925953968962,-0.34037046847203195,0.35024004217623705,2.160820906461451,1.2192358974196158,0.8449999839067459,1.3071110121214566,74.89194434963285,0.7137277215447455,85,5,3,0,3,False,3
000264,14,266,0,39.342951668404936,6.53881638926463,0.3644999861717224,0.0,0.0,0.0,1.1825843969336487,0.5674712804812323,2.402999997138977,1.394394274247809,79.89290689160691,0.5822610916704026,41,1,1,0,1,False,1
000264,14,267,1,29.168260800777574,6.746142768298478,0.5025000125169754,0.0,0.0,0.0,0.5194334097337261,0.36711094977672404,1.4350000321865082,-1.1209379023853998,-64.22501090293086,0.5325653723255164,28,1,1,0,1,False,2
000266,16,267,27,30.76454110255652,7.806895602023558,-0.7285000085830688,0.35916306790026303,0.238669387588143,0.4312321717071074,1.4634808930499605,0.893349860471169,0.9670000076293945,-1.4986412647011762,-85.86581947152543,0.5275666880269108,23,4,2,0,2,False,2
000264,14,268,4,18.627980744979716,6.563732794338976,0.0990000069141388,0.0,0.0,0.0,0.5111168334864875,0.48807947581999944,1.5760000348091125,1.520790501490321,87.13487725897932,0.5794001405701197,44,1,1,0,1,False,1
000264,14,269,5,54.105746337325975,20.04862744826817,0.9600000083446503,0.0,0.0,0.0,2.235546921425371,0.5584808704738339,2.428000032901764,-0.05923498535095352,-3.3939146601288943,0.5784192136000686,35,1,1,0,1,False,1
000264,14,270,7,46.33953467323777,20.093900065544776,0.7115000188350677,0.0,0.0,0.0,1.1779144440887426,0.7656954509556984,2.431000053882599,-0.929885567372456,-53.2785184405697,0.6076982631406266,48,1,1,0,1,False,1
000264,14,271,9,30.611444916574662,19.55305811520922,0.680499978363514,0.0,0.0,0.0,0.6758581419832981,0.5048022490193347,1.524999961256981,-0.6816949846729818,-39.0582455369972,0.5320205892022722,27,1,1,0,1,False,1
000264,14,272,11,8.533028918286385,6.32281830598193,-0.040499985218048096,0.0,0.0,0.0,0.4042933270792628,0.4464046976431941,1.218999981880188,-1.2081390440162343,-69.22126828710022,0.43825300633690223,36,1,1,0,1,False,1
000264,14,273,16,33.133196808080044,-5.638546659831266,0.24500000476837158,0.0,0.0,0.0,2.4821301746258757,0.5913243514343848,2.2799999713897705,0.027977824592245425,1.6030112690929863,0.6385158850844734,55,1,1,0,1,False,1
000264,14,274,17,27.21159536291585,-3.7521366814834263,0.3139999806880951,0.0,0.0,0.0,0.7604327593274137,0.4417073116241496,1.6620000004768372,0.5340485820302736,30.598729805280815,0.5123764231038278,20,1,1,0,1,False,3
000266,16,274,21,26.495943124731305,-3.7922546625884097,-0.24599999631755054,-0.1610217535915229,-0.009026545748621271,0.1612745598593934,1.769224130953777,0.6934008070734148,0.485999992582947,-1.5689386450181484,-89.89356267451396,0.5213038085663353,23,4,2,0,2,False,3
000269,19,274,20,27.831974454973366,-0.816430358644541,0.48599998746067286,0.11184273506097157,0.4414090454298385,0.4553578183947212,0.9067783716419482,0.4500564847444726,1.0039999764412642,0.30484641538580753,17.466413001298736,0.5395555408647358,30,9,3,0,3,False,3
000264,14,275,20,36.984873365838745,-5.444605945679045,0.2395000159740448,0.0,0.0,0.0,1.915379161981781,0.26787670735502966,2.408999979496002,0.12627394041496387,7.234963848263865,0.5787305715532735,41,1,1,0,1,False,1
000264,14,276,21,67.56194431711029,-1.6992698872690855,1.2455000430345535,0.0,0.0,0.0,1.4144796944705007,0.481525498305862,1.6510001122951508,1.4489416936728963,83.01824380799434,0.5319708475229638,25,1,1,0,1,False,1
000264,14,277,22,62.800029140571475,-0.26781670406165164,1.2150000482797623,0.0,0.0,0.0,0.9686836412045163,0.4573989345677901,2.2120001018047333,-1.0552501814211714,-60.46138172584756,0.5391882654445305,28,1,1,0,1,False,2
000266,16,277,1,61.1528876403504,1.8915589118320961,1.3429999649524689,-0.3706068375497418,0.4858595135760932,0.6110719229117131,1.6615102181157688,0.5620807507150701,1.887999951839447,-1.5258442141277038,-87.42443366397329,0.5408157953837833,26,4,2,0,2,False,2
000264,14,278,27,42.46132400528774,6.155099344147331,-0.27900001406669617,0.0,0.0,0.0,2.040738525571326,1.3369607665298846,0.8360000252723694,-1.5519957024960196,-88.92280357546325,0.5485265935934609,27,1,1,0,1,False,1
000264,14,279,29,21.935064187659236,6.126684935052714,-0.5860000140964985,0.0,0.0,0.0,2.8176348641926143,1.6111810938478035,0.9260000213980675,1.192074138431298,68.30081699880722,0.6665533024993493,62,1,1,0,1,False,4
000266,16,279,24,23.174722626904515,10.238801220720605,-0.5010000020265579,0.2789231488301877,0.9252261642752753,0.9663547888911638,2.5256963938594783,0.9858861724238752,0.7380000054836273,0.3612175545289052,20.696241360542942,0.5843708848305226,41,4,2,0,2,False,4
000267,17,279,3,26.1361176932895,9.832251330090589,0.05449998378753662,1.4860355117298458,0.3259269395678943,1.5213579171445089,0.8817368397814667,0.575427175778957,2.197000026702881,-1.1869131211940442,-68.00511249311832,0.5975932037155489,48,5,3,0,3,False,4
000269,19,279,39,28.222285338106005,13.504670764064324,-0.8294999897480011,1.286707251535129,1.0055541894064322,1.6330201404103724,1.5853691361894933,0.5297396090365273,0.762999951839447,0.9365401025433204,53.6597952204816,0.5160074288070363,21,8,4,0,4,False,4
000264,14,280,31,31.0326196275965,2.867293701815085,-0.8869999945163727,0.0,0.0,0.0,2.0249502255702736,1.035524151084212,1.3019999861717224,-1.403110066727958,-80.3922850158313,0.5584522434482198,29,1,1,0,1,False,1
000264,14,281,32,23.04003944401759,15.024560136170367,-0.6049999892711639,0.0,0.0,0.0,2.3924127960610564,1.33482595115652,0.8299999833106995,-0.2619449388500456,-15.008339460920045,0.5577062116334018,29,1,1,0,1,False,1
000264,14,282,35,32.2862990178266,6.0387269179555405,-0.6694999933242798,0.0,0.0,0.0,1.5272374036639442,1.0944031257277596,0.3569999933242798,-0.935217220947847,-53.583999688265436,0.5213082972936409,23,1,1,0,1,False,1
000264,14,283,36,14.50948678412896,6.144153384082149,-0.5174999982118607,0.0,0.0,0.0,2.059275513945332,1.4264871035165196,0.5850000083446503,0.6814744393724121,39.045609222083115,0.5518248018361834,30,1,1,0,1,False,3
000266,16,283,28,16.0859958174058,6.001011617815607,-0.7764999866485596,0.3547145324872887,-0.03220689740997209,0.3561736708383316,3.6402910299652715,1.9092330579454975,1.0529999732971191,0.2864326763446624,16.411383469185846,0.7986111482503301,98,4,2,0,2,False,3
000269,19,283,42,19.453547812709147,9.185189994934975,-1.1130000203847885,0.7002257921635109,0.45991296299242046,0.8377565837040517,6.479103697450626,3.259252738834225,1.5620000660419464,-1.4571290368426786,-83.48734401704812,1.0,150,9,3,0,3,False,3
000264,14,284,42,4.8417221532183135,2.383724663855655,-0.8374999985098839,0.0,0.0,0.0,3.794167373002352,1.7875452059799986,1.2230000048875809,-0.23664264059695675,-13.558624559036817,0.9277626861452957,174,1,1,0,1,False,1
000264,14,285,44,0.22840537794295243,7.40317587006177,-1.3449999690055847,0.0,0.0,0.0,0.9544089452014561,0.5469581828338006,0.2680000066757202,0.9783219521866248,56.05371886529312,0.4032163416655812,24,1,1,0,1,False,1
000264,14,286,46,0.812319394482386,2.561352584154762,-0.8799999952316284,0.0,0.0,0.0,1.741052273466897,1.6573560186063603,0.4700000286102295,-0.2834647421741878,-16.241333367344993,0.6112858552342525,52,1,1,0,1,False,1
000265,15,287,2,35.670816316749125,32.61869951821444,0.8384999781847,0.0,0.0,0.0,3.2066071417728006,1.5943731789088627,2.0249999463558197,-0.8628872358030953,-49.439796807227225,0.6842010113357612,48,1,1,0,1,False,3
000267,17,287,8,34.38422911655545,32.35395288169861,0.5099999904632568,-0.2894821200435762,-0.05956799321606194,0.2955473627706941,2.2229265655838444,0.8055049696407245,2.6019999980926514,-0.8915906432516376,-51.084380911673065,0.7193932074229642,79,4,2,0,2,False,3
000269,19,287,31,31.633986982641265,32.07926007235572,-0.4495000094175339,-0.7780196461546592,-0.0945682783709838,0.7837459595281325,4.116025028969066,0.5904118640237004,1.5970000326633453,-0.939017970767483,-53.80176661191568,0.8206696172066761,117,7,3,0,3,False,3
000265,15,288,6,13.321614376898887,33.363745994927754,0.27000001072883606,0.0,0.0,0.0,3.6760598217168297,2.2610636916873377,2.3579999804496765,-0.18934949502383924,-10.848926917799371,1.0,144,1,1,0,1,False,1
000265,15,289,7,2.122535099784568,32.44639116093616,0.07349997758865356,0.0,0.0,0.0,8.207711126407432,2.220474572100561,2.60099995136261,1.1431817798713408,65.49949120288136,0.8833333333333333,309,1,1,0,1,False,1
000265,15,290,10,26.818581129032342,-9.538190342417286,0.1390000283718109,0.0,0.0,0.0,2.794954566202783,2.0443222743164315,2.12200003862381,1.1186325104825088,64.09292167677157,0.8379543839007219,96,1,1,0,1,False,1
000265,15,291,11,55.0382776442654,30.926971474930586,0.8385000228881836,0.0,0.0,0.0,2.5273827214903735,1.9288552771183514,3.0250000953674316,-0.5711966229858804,-32.72715576921621,0.7053935526241363,41,1,1,0,1,False,2
000268,18,291,15,54.11761189457036,31.825359303791505,0.25599998235702515,-0.13809986245425596,0.13475817432913784,0.1929542369537573,6.123551987032025,2.865954883393745,1.8700000047683716,-0.6979616769728798,-39.99025835241931,0.9971428571428571,139,6,2,0,2,False,2
000265,15,292,13,30.982427476956204,32.21611421987095,0.6504999995231628,0.0,0.0,0.0,2.877572229738772,2.099569260943333,1.6069999933242798,-0.8365795105375444,-47.93247518092147,0.7524499881278656,74,1,1,0,1,False,2
000267,17,292,47,31.68792415822535,34.32557818316497,0.2459999918937683,0.15873675328555786,0.47462939174115415,0.5004701952646312,1.6798189270845885,1.617441236569908,2.0640000104904175,-0.5921427414082057,-33.927279951996674,0.6825741128582419,63,4,2,0,2,False,2
000265,15,293,17,18.43564465070477,31.72005931964588,-0.08199995756149292,0.0,0.0,0.0,5.21985219984157,2.9048598062756312,2.527999997138977,-0.057499762554514396,-3.294493717378044,1.0,177,1,1,0,1,False,1
000265,15,294,24,52.00182155639476,29.990279166317652,-0.78549999371171,0.0,0.0,0.0,5.60207109642544,2.7537125414807875,1.800999991595745,-0.14109248234783853,-8.084003759555216,0.7914285714285714,67,1,1,0,1,False,2
000267,17,294,4,50.900027809078615,32.16649492018278,1.326000064611435,-0.24790359314613236,0.4896485446196533,0.5488277405005214,2.443336705913733,1.5793755687313102,1.858000099658966,-0.9379311559789755,-53.7394967114218,0.6229323101742056,37,4,2,0,2,False,2
000265,15,295,25,4.612283196606611,32.73908402104689,-0.9345000255852938,0.0,0.0,0.0,2.527331429429189,2.568400959991359,1.7710000537335873,0.22375757470705573,12.820364664797511,0.7977742160661586,84,1,1,0,1,False,2
000267,17,295,72,6.274933467318079,28.726925658225642,-1.0370000004768372,0.3740963109100804,-0.9027356316347811,0.9771794463964021,3.345854811243102,1.7700758902478388,1.2020000219345093,0.49939617563567074,28.613293168897926,0.6367382370389436,42,4,2,0,2,False,2
000265,15,296,30,59.37863696687565,-23.34286741941827,-1.9100000262260437,0.0,0.0,0.0,3.609178759502841,0.9866918447264602,1.540000081062317,1.5419443642376833,88.3469043148022,0.6928426375302285,67,1,1,0,1,False,2
000267,17,296,31,57.85681254765508,-20.059479547052685,1.7209999561309814,-0.3424104943246286,0.7387622712822562,0.8142571093295744,2.135997424693035,1.312338699646082,1.191999912261963,-1.1522069582864862,-66.01659583542175,0.5641823650763707,29,4,2,0,2,False,2
000265,15,297,33,59.377030242635136,-20.100211647867347,-2.01500004529953,0.0,0.0,0.0,2.8157174811036283,0.3335136876006863,1.1840001344680786,-1.510696778342701,-86.5565495230472,0.4604237927398874,21,1,1,0,1,False,2
000267,17,297,45,57.138907009084456,-18.311891125137826,1.6815000176429749,-0.5035777275489032,0.4023721176141421,0.6445881233133344,1.4022679651210073,1.1497752184909287,1.1350001096725464,1.521253462521523,87.16140297214623,0.5328700921067362,23,4,2,0,2,False,2
000265,15,298,34,1.5804285988338966,27.05265645334614,-1.342500001192093,0.0,0.0,0.0,4.513357307989022,2.2135255026345684,1.0589999556541443,0.9948078224627999,56.998289653718125,0.9206148200481524,130,1,1,0,1,False,3
000266,16,298,32,1.0667776354195944,25.53432294081679,-1.4035000205039978,-0.231142933536436,-0.6832500806382086,0.7212889354592567,1.5246854747043819,0.985902821903943,0.9250000715255737,-0.2603888166343324,-14.91918022555313,0.5287497773499885,23,2,2,0,2,False,3
000267,17,298,18,1.3112129735727018,22.838048029661394,-0.0585000216960907,-0.017132711276141466,-1.5891112543709427,1.5892036082780778,0.7471882961199514,0.3738657981823348,2.0790000557899475,-0.0361215008567856,-2.069609548772002,0.584016098728709,45,3,3,0,3,False,3
000265,15,299,37,51.79479859375245,-34.06167898002385,-2.3620001077651978,0.0,0.0,0.0,2.9126498896728767,0.9624327933166402,0.4179999828338623,0.15123049566627286,8.664869135348921,0.5209851562072009,21,1,1,0,1,False,1
000265,15,300,38,49.145048410675585,-34.31741015410272,-2.625999927520752,0.0,0.0,0.0,2.378047146800112,0.9753534580521348,0.3940000534057617,0.3394986003698945,19.451836951793524,0.5157102769057323,20,1,1,0,1,False,1
000265,15,301,40,18.38342962970551,-24.803568639000765,-2.521499991416931,0.0,0.0,0.0,4.451663593473034,2.0580419445695286,0.9309999942779541,1.3733660451199179,78.68807811194469,0.9013931245088376,130,1,1,0,1,False,3
000267,17,301,71,15.947252553980158,-24.771669577105552,-1.290999948978424,-0.5481398420382042,0.007177288926423041,0.5481868293802769,2.6040543697682716,1.647555985520563,1.7039998769760132,-1.1538171687200716,-66.10885409739413,0.6728236570199028,54,4,2,0,2,False,3
000269,19,301,11,15.318475101624808,-26.08254231252739,0.1809999942779541,-0.44295183990096626,-0.29099885656038105,0.5299874215404555,3.565402334136661,1.8500899235338606,2.2179999351501465,-1.1942985800538757,-68.42826811555416,0.8300192624584664,85,7,3,0,3,False,3
000266,16,302,0,29.782514442356355,0.23906317692426307,0.6875000149011612,0.0,0.0,0.0,0.41358438751534854,0.5307397068666186,1.0550000369548798,1.2567396515810043,72.00587798233312,0.3955043815441366,21,1,1,0,1,False,2
000267,17,302,40,31.955999569284323,-2.003249518090925,0.5224999785423279,0.9780683071175855,-1.0090407127568346,1.4052689327629357,0.503621244970099,0.2759608396968928,1.534999966621399,-1.4612560537397747,-83.72380466723091,0.5262857195869226,26,2,2,0,2,False,2
000266,16,303,2,40.225668034433134,2.0399095624717467,0.8589999973773956,0.0,0.0,0.0,0.7331950068656858,0.297004259061444,1.4300000071525574,-1.3966593620550691,-80.02268686318946,0.5129193723601573,21,1,1,0,1,False,1
000266,16,304,4,34.49427725156335,11.50957053563738,0.24299997091293335,0.0,0.0,0.0,7.998266764284408,0.3823426017368746,2.649999976158142,0.13787252378328785,7.899513723599459,0.8574026991392081,137,1,1,0,1,False,1
000266,16,305,5,29.308400494246047,12.038908235214345,0.3305000066757202,0.0,0.0,0.0,2.9213311719382435,0.51738888215204,1.9149999618530273,-1.3876815268625848,-79.50829479749609,0.8771355064218387,158,1,1,0,1,False,3
000268,18,305,22,26.82822120327849,10.924080649292145,-0.7284999936819077,-0.5580403404677008,-0.2508362068324949,0.6118233603315761,4.156468030848416,1.5780134268324078,1.0629999935626984,-0.1977649926025602,-11.331099411562645,0.7382213017389407,78,4,2,0,2,False,3
000269,19,305,38,24.52977118856963,10.20757325776051,-0.8155000060796738,-1.3412246938762218,-0.4603882399471082,1.4180412585481994,1.305815355970291,0.796863683822112,0.9310000240802765,-1.0571777471930521,-60.5718231093102,0.5419392532170989,29,5,3,0,3,False,3
000266,16,306,11,49.301707525495345,-2.7936209090586743,0.5455000102519989,0.0,0.0,0.0,5.517211693328878,2.886780345987425,2.7170000672340393,1.5689742151938448,89.89560069545792,1.0,217,1,1,0,1,False,1
000266,16,307,15,54.975863409725555,1.465517922166434,1.0889999605715275,0.0,0.0,0.0,1.3083971460513992,1.0391641314601932,1.9359999224543571,-0.9728913915262102,-55.742570659061585,0.5403917395432901,23,1,1,0,1,False,2
000267,17,307,1,55.855844119262954,1.0756312368713115,1.4329999685287476,0.3959913192918296,-0.17544900838280517,0.43311832043564424,2.029449785609773,1.785916595222671,1.3259999752044678,-1.4069729082870215,-80.61360953409338,0.5836275989415194,31,2,2,0,2,False,2
000266,16,308,18,40.67345001660834,11.960689304667326,0.24199998378753662,0.0,0.0,0.0,2.0547892793003943,1.4372176769016098,2.2760000228881836,1.268945601679963,72.70522740795074,0.6272991819569351,40,1,1,0,1,False,2
000269,19,308,24,37.69124737141719,12.650212974117933,-0.11700001358985901,-0.44733039677867265,0.10342855041759096,0.45913173373624355,4.705065761030424,1.1028365940066507,1.456000030040741,-1.0009832793423639,-57.35211726948217,0.9208287416955094,161,6,2,0,2,False,2
000266,16,309,20,36.03147169065404,1.7814923747996578,-0.5240000076591969,0.0,0.0,0.0,1.6426036858767077,1.0846261712578573,0.8940000161528587,1.4034651809014056,80.41263155921513,0.5592178413025929,33,1,1,0,1,False,1
000266,16,310,31,3.0277879179060716,19.076760253500467,-0.9289999902248383,0.0,0.0,0.0,2.599350371301483,1.3467218029453898,0.5539999604225159,-0.0499686949104486,-2.862995326145542,0.5424669636818237,26,1,1,0,1,False,2
000269,19,310,28,3.1080626830149827,17.30280412910726,-0.5380000025033951,0.01204121476633666,-0.2660934186589813,0.2663657228448753,7.195832057396764,1.3555998089040053,1.8419999778270721,0.5094962415515579,29.191984318682195,1.0,269,6,2,0,2,False,2
000266,16,311,36,1.2029126827783294,18.218541102688526,-1.4855000376701355,0.0,0.0,0.0,1.2056741764216374,0.8707682238754855,0.4390000104904175,-0.6464307956953715,-37.03775634062837,0.5571779843868561,36,1,1,0,1,False,1
000267,17,312,0,54.13067919051781,-1.116897664251804,1.4060000479221344,0.0,0.0,0.0,2.6346887395804712,1.5483789702259216,1.3100001215934753,-1.3158891897593978,-75.394896880103,0.6086727513005793,38,1,1,0,1,False,1
000267,17,313,2,49.33487141928608,13.481310957406635,0.5430000126361847,0.0,0.0,0.0,1.1133979506549747,0.7052745617550773,2.821999967098236,-0.9155400412193458,-52.45658033710194,0.6136319460429073,50,1,1,0,1,False,1
000267,17,314,5,41.41800725942889,31.774573022972913,0.7364999651908875,0.0,0.0,0.0,4.647811970427356,2.8224899029656667,2.534999966621399,-0.43572598753066055,-24.965260109676784,0.8799999999999999,98,1,1,0,1,False,1
000267,17,315,9,31.750165944921545,30.46784645306206,0.4909999668598175,0.0,0.0,0.0,1.125593264366018,0.6068683956967632,2.403999984264374,-1.417455603029424,-81.21422370075703,0.55968078696408,33,1,1,0,1,False,2
000269,19,315,4,31.223836581196718,29.588721064369818,0.7794999927282333,-0.118424106838086,-0.19780321245575425,0.2305436616743446,2.8556165678504195,1.8911910657695834,1.8229999840259552,-0.3916032466798074,-22.43721327837343,0.745155345046351,71,4,2,0,2,False,2
000267,17,316,11,26.409989088185014,30.490899782677406,0.35600000619888306,0.0,0.0,0.0,1.7576390684522791,1.007737376636507,2.4359999895095825,-0.634448297470349,-36.351209764311584,0.7790220895574115,101,1,1,0,1,False,2
000268,18,316,1,25.01683028570365,31.287470232635226,0.7294999808073044,-0.6269214611166132,0.35845670248101874,0.7221646114025214,0.5963837216765479,0.6168015372924611,1.6769999563694,-0.5501358258991786,-31.52046098296678,0.5300690120853068,26,2,2,0,2,False,2
000267,17,317,13,6.463756508902012,25.889219853562125,0.1459999978542328,0.0,0.0,0.0,1.0838657812027015,0.2943423548432083,1.9419999718666077,-0.008175749044158482,-0.46843591458839795,0.5300940105601022,26,1,1,0,1,False,1
000267,17,318,15,4.155582212988647,28.39287649181019,0.6869999840855598,0.0,0.0,0.0,2.2594184418554057,1.1040896666195141,1.0479999631643295,0.6695814970236554,38.36419381950695,0.6230808781551894,52,1,1,0,1,False,2
000269,19,318,18,3.5618151290479294,25.888321617933148,0.613999992609024,-0.13359759388666145,-0.563524846622334,0.5791446881851118,3.6510849403233507,0.34802251034709925,0.6559999585151672,-1.0534696998726283,-60.359367647615116,0.48924312837488027,32,4,2,0,2,False,2
000267,17,319,19,0.5858127428916643,27.856179686435265,0.05900001525878906,0.0,0.0,0.0,1.2003492721585631,1.1977023698526652,2.190000057220459,0.15808756539864086,9.05775029084051,0.682374124482124,71,1,1,0,1,False,1
000267,17,320,20,0.20752488671971414,-9.360031063327808,0.3075000084936619,0.0,0.0,0.0,1.1519446311720205,0.5433948433969469,0.4750000163912773,-1.367444153059271,-78.34877869013758,0.5242160530896123,25,1,1,0,1,False,1
000267,17,321,23,17.73403130595558,-29.546980735784793,-0.12699997425079346,0.0,0.0,0.0,5.702650683573345,3.10108333206131,2.9800000190734863,1.261045490813307,72.25258439760593,1.0,239,1,1,0,1,False,1
000267,17,322,27,38.62741170216938,-21.846121303706735,1.4735000133514404,0.0,0.0,0.0,5.08616475685423,0.41555608151104295,0.562999963760376,-1.4810879603120932,-84.86008921352251,0.5268700597774939,44,1,1,0,1,False,1
000267,17,323,28,36.12362981857893,-17.66298082176585,1.1980000138282776,0.0,0.0,0.0,1.2756851349178084,0.9998580424703062,0.7480000257492065,0.14627215748643782,8.380777284245795,0.5332301866867938,26,1,1,0,1,False,1
000267,17,324,30,36.06002420644098,-15.168610957615957,1.1765000224113464,0.0,0.0,0.0,1.1138005662988124,0.9990911475981548,0.7410000562667847,-0.7950955159262731,-45.55561737235218,0.5234446874254428,23,1,1,0,1,False,1
000267,17,325,32,42.82947198817592,-11.266803641742554,1.3064999878406525,0.0,0.0,0.0,5.187534838785163,1.6805346372992074,0.8809999823570251,-1.4307351033457256,-81.97508302292374,0.7305752706291673,73,1,1,0,1,False,1
000267,17,326,36,53.686085625083294,-8.246385884763846,1.7580000162124634,0.0,0.0,0.0,2.006315735313443,1.3606567289870124,0.6540000438690186,0.7595113401285015,43.5167942816883,0.5295948863087395,22,1,1,0,1,False,1
000267,17,327,48,1.1054601776029758,32.07047437487569,0.2175000011920929,0.0,0.0,0.0,1.1590005518579627,0.5891992620015191,2.1149999499320984,1.4607479568590345,83.69469286038073,0.5406831318284784,27,1,1,0,1,False,1
000267,17,328,49,14.270084307862524,-7.380295558396082,-0.4424999952316284,0.0,0.0,0.0,7.728644138681309,1.07616839529286,1.996999979019165,1.555504132980343,89.12382183493001,1.0,387,1,1,0,1,False,2
000269,19,328,14,11.780072829349766,-8.106701361514698,-0.2004999816417694,-0.5602525826653704,-0.16344130570168874,0.5836060458842853,4.350647032339092,1.4732865223926292,1.862999975681305,0.498492673651263,28.561526318409665,0.8105217106039034,87,4,2,0,2,False,2
000267,17,329,50,50.5440143289179,0.09175834326097629,0.2369999885559082,0.0,0.0,0.0,1.7034390038584493,0.6707312642115715,1.4800000190734863,1.5177985606318658,86.9634516752371,0.5772814500602185,39,1,1,0,1,False,1
000267,17,330,51,44.12996577414066,33.202983836095335,0.627499982714653,0.0,0.0,0.0,3.0681313397319316,2.4300352885457537,1.7029999792575836,0.3285782661242534,18.82614788864611,0.674748674503774,37,1,1,0,1,False,1
000267,17,331,53,23.34603355062098,33.13611369329479,0.49149999767541885,0.0,0.0,0.0,2.1734614440677515,1.4931207673148494,0.693000003695488,0.2486400297486021,14.246024322602135,0.5282267786031014,20,1,1,0,1,False,1
000267,17,332,58,36.05713483959231,24.34397743433473,-0.13199999928474426,0.0,0.0,0.0,2.880858279305983,1.4479564300358627,1.5459999442100525,-0.24302687957879307,-13.924414508098936,0.7704586072436929,91,1,1,0,1,False,2
000269,19,332,21,32.87801571757347,23.27595186967727,0.23149999976158142,-0.7153018024542388,-0.24030575204792787,0.7545883136264456,1.8490904005713804,0.5947852575019841,1.1869999766349792,-0.9117839046411613,-52.24136956389726,0.5536674133735421,32,4,2,0,2,False,2
000267,17,333,59,26.16715653353871,34.13208031902957,0.2355000078678131,0.0,0.0,0.0,1.9277322087593016,1.3718983917498875,1.2670000195503235,-0.28521145309069607,-16.341412530890345,0.5442706588950474,22,1,1,0,1,False,1
000267,17,334,61,39.59703774396778,-32.982688605313484,0.39750002324581146,0.0,0.0,0.0,2.174625077890091,0.39098978411667984,1.20700004696846,-1.560270623201936,-89.39692160771767,0.5367640377142648,27,1,1,0,1,False,1
000267,17,335,66,18.170714118301934,-19.91510477884187,-0.7434999813558534,0.0,0.0,0.0,2.1760190541680346,1.6366966298330707,1.4909999629016966,-0.015832340611809388,-0.9071262968702496,0.7940685683390023,103,1,1,0,1,False,2
000268,18,335,28,17.691090764832317,-18.665558845005943,-2.1764999628067017,-0.21583050906132734,0.5622956702261663,0.6022949687626199,2.0415828370904663,1.3854117645420572,1.6089999675750732,0.49514409298741163,28.36966677901187,0.7698079985192607,97,2,2,0,2,False,2
000268,18,336,0,53.4344634688381,24.32717942846033,0.7995000183582306,0.0,0.0,0.0,3.527043857713112,2.413536022469155,2.827000081539154,-1.2879137211526872,-73.79202059903776,0.8971428571428571,104,1,1,0,1,False,2
000269,19,336,3,52.923105939601164,23.738960381030004,1.6274999976158142,-0.23011088815662253,-0.26469857134364627,0.3507368736240845,1.8279812619950597,0.9181663066095864,1.0870000123977661,-1.0168713623557277,-58.26243737070141,0.5442467086236994,27,2,2,0,2,False,2
000268,18,337,6,37.027056837953225,-8.852052148532682,0.3514999747276306,0.0,0.0,0.0,8.416093917216045,0.4494455426846702,2.3869999647140503,0.6397933979209739,36.65746146120586,0.7579802883474149,240,1,1,0,1,False,1
000268,18,338,7,37.57230939532499,-6.475043758141938,0.7024999782443047,0.0,0.0,0.0,0.7213211961953649,0.5544186833464283,1.5929999500513077,-1.4673587494721958,-84.07346337635113,0.5216867503921574,23,1,1,0,1,False,1
000268,18,339,8,62.08966483325011,-8.691828595942978,1.0209999680519104,0.0,0.0,0.0,1.9078457577862307,1.4541648077266094,2.6179999113082886,-1.5525347418133375,-88.95368825333718,0.6323779814821969,40,1,1,0,1,False,1
000268,18,340,9,40.29407772313127,-2.583539930316857,0.6029999852180481,0.0,0.0,0.0,0.7983883452704901,0.6076248345128636,1.9299999475479126,1.0393101427123375,59.54808478255621,0.555920507510354,34,1,1,0,1,False,1
000268,18,341,14,54.39062010074873,27.82370647639831,0.4285000115633011,0.0,0.0,0.0,1.6544637978524595,1.8639339775575006,1.4150000512599945,0.4707068330882716,26.96951492392685,0.5623372570206941,25,1,1,0,1,False,2
000269,19,341,16,57.12362336179907,28.88994943242599,1.7935000658035278,1.229851467472654,0.4798093302124556,1.3201331847217408,3.287624934615919,1.7029900390398822,1.2330000400543213,1.406131063109509,80.56537535841846,0.629004258624861,40,2,2,0,2,False,2
000268,18,342,17,25.865970946305683,17.22020644408298,-0.5219999849796295,0.0,0.0,0.0,1.9017674806601779,0.5163148557388049,1.6539999842643738,0.05424464720959006,3.1079893462856085,0.5652257542352622,35,1,1,0,1,False,1
000268,18,343,26,18.87361900643137,20.761905676249764,-0.9364999830722809,0.0,0.0,0.0,2.978455292373558,0.21391152406940908,1.140999972820282,0.013425286781429003,0.7692122713286548,0.4887200179712614,73,1,1,0,1,False,1
000268,18,344,29,22.391058930585864,-18.13833696811974,-2.2299999594688416,0.0,0.0,0.0,6.292567658525153,2.385040456605493,1.21999990940094,0.722181463731602,41.37794991440092,1.0,170,1,1,0,1,False,1
000269,19,345,2,38.43746685272152,15.614265721003957,0.6200000047683716,0.0,0.0,0.0,2.662412172993579,1.1667705353255027,2.0,0.677883342741337,38.839854541298855,0.6711025942885339,57,1,1,0,1,False,1
000269,19,346,5,19.092199340757436,24.796610524096653,1.168999969959259,0.0,0.0,0.0,4.19676574039179,2.101427023075463,0.2580000162124634,-0.20373394884705562,-11.673095412470492,0.4832361958350688,45,1,1,0,1,False,1
000269,19,347,13,5.146304986834722,-2.879523350816342,-0.4034999907016754,0.0,0.0,0.0,1.8079493162537095,1.1243956164799511,1.6209999918937683,1.202721616542752,68.91087255705146,0.5723215429643459,32,1,1,0,1,False,1
000269,19,348,15,23.658181477868773,-1.8845777814554099,0.1340000033378601,0.0,0.0,0.0,3.848244622647854,1.8135074174084567,1.7619999647140503,-1.0158876692043386,-58.20607590479089,0.96242424047073,139,1,1,0,1,False,1
000269,19,349,22,7.1047080904682485,-32.67010230687174,0.2199999988079071,0.0,0.0,0.0,3.775676715782043,1.5068646828095766,2.221999943256378,0.056902673774063404,3.2602830502635887,0.7056608739772561,48,1,1,0,1,False,1
000269,19,350,25,42.479971444396995,18.622068296153437,0.23749999701976776,0.0,0.0,0.0,3.559396712404754,0.47800292334787664,1.395000010728836,0.6687434376536814,38.31617655462605,0.5836797200740963,39,1,1,0,1,False,1
000269,19,351,26,31.55026629789891,22.28018954501986,-0.3450000286102295,0.0,0.0,0.0,1.8925001246316953,1.3688975577589364,1.8980000019073486,-1.541316719952971,-88.31094294625268,0.6075257505986732,39,1,1,0,1,False,1
000269,19,352,32,12.485895613388621,-20.3264020555045,-0.20500001311302185,0.0,0.0,0.0,3.512769145486936,0.35206278588447243,1.5580000281333923,-1.1163396879269785,-63.961552621167286,0.5137780587673677,37,1,1,0,1,False,1
000269,19,353,36,39.19750723451557,20.167974215221065,-0.8044999837875366,0.0,0.0,0.0,1.3772304688658257,0.8874107835303415,0.7829999923706055,-1.0906936863013836,-62.49214496663505,0.5304000569008551,25,1,1,0,1,False,1
000269,19,354,50,1.0074597692744867,-15.466131590566759,-1.209500014781952,0.0,0.0,0.0,6.597039474811799,2.2914998383631344,1.0630000829696655,-1.4993795208015286,-85.90811843027541,0.9314285714285715,116,1,1,0,1,False,1
